App ID,Project Type,Org Name,Project Title,Project Summary,Initiative,Award Amount (Preliminary),Organization Type,Service Area,Notification Date
BP1-IA-001,Implementation,AK Child & Family,Modernizing Behavioral Health Infrastructure to Strengthen Alaska’s Workforce and System of Care,"AK Child & Family proposes implementing integrated technology solutions that strengthen behavioral health documentation, care coordination, workforce management, and communication. The project addresses fragmented systems, administrative burden, and workforce capacity challenges that affect service coordination for children, youth, and families served across Alaska, including those from rural and remote communities receiving care through AK Child & Family programs.",Spark Technology and Innovation,248622,"Behavioral health/substance use disorder treatment;Clinic;Home-and-community-based services provider;Non-Profit, Social Service, or Community Based Organization",Statewide,2026-08-28 00:00:00
BP1-IA-027,Implementation,Alaska Literacy Program Inc,Health Education and Support Services Program including a Pre-apprenticeship Healthcare Training Academy,"Alaska Literacy Program proposes to expand its Health Education and Supportive Services program through pre-apprenticeship healthcare training and community health education to address critical healthcare workforce shortages and low health literacy across Alaska. The project will create structured career pathways into entry-level healthcare roles through training and workplace readiness certifications, and train multilingual community members to help adults and families navigate health systems; serving rural, remote, and underserved Alaskans facing barriers to education and care.",Strengthen Workforce,226546.03,"Education organization (Not public university in Alaska);Non-Profit, Social Service, or Community Based Organization",Statewide,2026-08-28 00:00:00
BP1-IA-034,Implementation,Alaska Native Tribal Health Consortium,"Capacity and Bed Management to Improve Access to Care, Patient Flow, and Care Coordination","Alaska Native Tribal Health Consortium (ANTHC) proposes a health system-wide bed capacity management improvement initiative that integrates operational process redesign and staff training enabled by the Cerner Bed Capacity Management Module to improve patient flow, resource utilization, and care coordination, addressing capacity constraints and delays that affect rural and underserved populations traveling from remote Alaska communities to access specialized healthcare services and higher levels of care unavailable locally.",Spark Technology and Innovation,1603406,Behavioral health/substance use disorder treatment;Clinic;Hospital (all types);Maternal health;Pharmacy;Specialist,Statewide,2026-08-28 00:00:00
BP1-IA-074,Implementation,Bristol Bay Native Association,Bristol Bay Prenatal Outreach & Perinatal Support Project,"Bristol Bay Native Association proposes building a coordinated, culturally grounded maternal health support system that provides outreach, care coordination, and referral support, addressing gaps in prenatal, postpartum, substance use disorder (SUD), and family support services for Alaska Native families across the Bristol Bay region, including both rural communities and Bristol Bay residents living in Anchorage and the Matanuska-Susitna Valley.",Healthy Beginnings,292246.28,Behavioral health/substance use disorder treatment;Home-and-community-based services provider;Maternal health,Bristol Bay Borough;Dillingham Census Area;Kodiak Island Borough;Lake and Peninsula Borough,2026-08-28 00:00:00
BP1-IA-075,Implementation,Bristol Bay Native Association,Revitalizing Marrulut Eniit Assisted Living (Grandma’s House) for Aging in Place in Bristol Bay,"The Bristol Bay Native Association proposes to restore and reopen the Marrulut Eniit Assisted Living Center in Dillingham, Alaska, to address the lack of local assisted living, health care and long-term support services for Elders in the Bristol Bay region.",Health Care Access,413001.91,"Non-Profit, Social Service, or Community Based Organization",Bristol Bay Borough;Dillingham Census Area;Kodiak Island Borough;Lake and Peninsula Borough,2026-08-28 00:00:00
BP1-IA-083,Implementation,Central Peninsula General Hospital,Rural Healthcare Access Expansion Through Technology-Enabled Care,"Central Peninsula Hospital proposes investments in digital health infrastructure, including clinical documentation improvement, telehealth expansion, and cybersecurity enhancements. Serving a geographically dispersed population across the Kenai Peninsula, CPH faces workforce shortages, increasing patient complexity, documentation burdens, and limited access to specialty care. This project will reduce administrative workload, improve care coordination and regulatory compliance, strengthen reimbursement and value-based care participation, and expand access to high-quality local health services.",Spark Technology and Innovation,1950030,Hospital (all types),Kenai Peninsula Borough,2026-08-28 00:00:00
BP1-IA-108,Implementation,Compass Therapy ,"Alaska Speech, Swallow & Cognitive Access Initiative","Compass Therapy LLC proposes to expand access to specialized speech, swallowing, and cognitive-communication services through workforce development, caregiver training, telehealth infrastructure, and technology lending. The project addresses shortages of specialized rehabilitation providers and barriers to specialty care for older adults and individuals with neurological conditions across Alaska, particularly in rural and underserved communities.",Health Care Access,60047,Clinic;Home-and-community-based services provider;Specialist,Statewide,2026-08-28 00:00:00
BP1-IA-132,Implementation,ECHO Diabetes Action Network,Alaska Rural Diabetes Access and Care Transformation Initiative,"ECHO Diabetes Action Network (EDAN) proposes to establish a statewide rural diabetes network that expands access to diabetes specialty expertise and strengthens local capacity to improve prevention and management of diabetes and its related complications and comorbidities—including obesity, chronic kidney and cardiovascular diseases, and behavioral health conditions—through rural healthcare workforce development, specialty consultation, referral coordination, and virtual endocrinology services for rural, frontier, and Tribal communities across Alaska.",Health Care Access,987787,"Behavioral health/substance use disorder treatment;Education organization (Not public university in Alaska);Non-Profit, Social Service, or Community Based Organization;Organizations providing health technology solutions;Other health care provider;Specialist",Statewide,2026-08-28 00:00:00
BP1-IA-145,Implementation,Galena City School District,Grow Our Own: High School CNA Certification Pathway for Rural Alaska,"Galena City School District proposes to establish a high school training pathway that prepares rural students to earn an Alaska certified nursing assistant (CNA) credential before they graduate. The project responds to a shortage of trained health care workers in Galena, the Yukon-Koyukuk region, and the rural and remote communities served by the district's statewide residential school, where local elder care, home health, and clinics struggle to recruit and keep staff.",Strengthen Workforce,90665,Education organization (Not public university in Alaska),Yukon-Koyukuk Census Area,2026-08-28 00:00:00
BP1-IA-155,Implementation,Hope Community Resources Inc,Complex Care Children’s Home,"Hope Community Resources, Inc. proposes to establish a licensed Complex Care Children’s Home in Anchorage that provides specialized residential medical care for Alaskan children with complex health conditions and developmental disabilities, addressing the lack of in-state care options for children who are currently hospitalized for extended periods or sent out of state.",Health Care Access,1002299.65,"Behavioral health/substance use disorder treatment;Home-and-community-based services provider;Non-Profit, Social Service, or Community Based Organization",Anchorage (Municipality);Kenai Peninsula Borough;Kodiak Island Borough;Matanuska-Susitna Borough;North Slope Borough,2026-08-28 00:00:00
BP1-IA-157,Implementation,Hope Community Resources Inc,Travel Community Support Specialist (TCSS) Pilot Program,"Hope Community Resources proposes implementing a Travel Community Support Specialist Pilot Program to provide a trained mobile workforce of direct support professionals that helps stabilize services for people with intellectual and developmental disabilities. The project addresses persistent staffing shortages, service disruptions, and limited direct support workforce capacity that affect continuity of care for rural and underserved Alaskans across multiple communities and regions of the state.",Strengthen Workforce,604017.75,"Behavioral health/substance use disorder treatment;Home-and-community-based services provider;Non-Profit, Social Service, or Community Based Organization",Anchorage (Municipality);Kenai Peninsula Borough;Kodiak Island Borough;Matanuska-Susitna Borough;North Slope Borough,2026-08-28 00:00:00
BP1-IA-166,Implementation,"JAMHI Health & Wellness, Inc",Advancing Access: JAMHI’s Capacity Building Initiative for Sustainable Rural Care,"JAMHI Health & Wellness proposes to modernize its organizational infrastructure, enhance workforce readiness, and build sustainable clinical and operational models that improve outcomes and reduce long?term health disparities. This project addresses limited clinical capacity and persistent access barriers for residents of Juneau and the Hoonah-Angoon Census Area through a hub-and-spoke-based model that allows patients to receive multiple services during a single visit to Juneau and supports coordinated follow-up when they return to their home communities.",Health Care Access,442800,"Behavioral health/substance use disorder treatment;Clinic;Family medicine or primary care;Federally qualified health center;Non-Profit, Social Service, or Community Based Organization",Hoonah-Angoon Census Area;Juneau (City and Borough),2026-08-28 00:00:00
BP1-IA-202,Implementation,Mat-Su Regional Medical Center,AI-Assisted EEG: Bridging the Neurological Assessment Gap with AI,"Mat-Su Regional Medical Center (MSRMC) proposes acquiring and implementing an AI-supported platform with a single-use, eight-lead headband, which a nurse can rapidly apply. This system will then enable physicians to quickly determine if a patient is experiencing status epilepticus. This rapid identification is crucial for making emergent treatment decisions, prompting appropriate local care and potentially avoiding the need for a costly, time-sensitive transfer away from the Mat-Su into Anchorage.",Spark Technology and Innovation,250000,Hospital (all types),Matanuska-Susitna Borough,2026-08-28 00:00:00
BP1-IA-209,Implementation,Matanuska-Susitna Borough,MSB EMS CORE Program — Clinical Operations and Rural Exchange,"Matanuska-Susitna Borough proposes a two-way clinical exchange that places rural Alaska paramedics into a high-volume urban emergency medical system and hosts urban paramedics in Alaska. The exchange builds and maintains advanced clinical skills that low patient volume and geographic isolation make difficult to sustain, strengthening the emergency medical workforce that serves Borough residents and surrounding rural communities.",Strengthen Workforce,72787,Emergency Medical Services;Local government,Matanuska-Susitna Borough,2026-08-28 00:00:00
BP1-IA-214,Implementation,Moda,Advancing Value-based Payment Readiness through PCMH Implementation on the Kenai Peninsula,"Moda proposes to partner with Central Peninsula Hospital and South Peninsula Hospital to support implementation of the National Committee for Quality Assurance’s (NCQA) Patient-Centered Medical Home (PCMH) model across four clinic sites. This project will help strengthen partners’ quality improvement and reporting infrastructure, support expanded access to care for rural populations and increase partners' readiness to participate in advanced value-based payment arrangements in preparation for Alaska’s planned 1115 Medicaid coordinated care demonstration project on the Kenai Peninsula.",Pay for Value,2706276,Other vendors partnering with an Alaska healthcare or community organization,Kenai Peninsula Borough,2026-08-28 00:00:00
BP1-IA-225,Implementation,Native Village of Tanana,Tanana Supportive Housing Program for Individuals Entering Recovery,"The Native Village of Tanana, in partnership with the Tanana Chiefs Conference, proposes to establish a culturally grounded supportive housing program paired with outpatient clinical treatment and cultural connection, Elder guidance, and meaningful community roles for adults entering recovery from substance use, addressing the lack of transitional, step-down care between residential treatment and return to home community for rural Alaska Native people in the Interior region.",Healthy Communities,1550852,Behavioral health/substance use disorder treatment;Tribe;Tribal Health Organization,Yukon-Koyukuk Census Area,2026-08-28 00:00:00
BP1-IA-242,Implementation,Norton Sound Health Corporation,Direct Patient Monitoring for High-Risk Patients,Norton Sound Health Corporation proposes to implement a cellular-enabled remote patient monitoring system and daily health check-in surveys to address real-time clinical visibility gaps and coordinate care for five hundred high-risk patients managing complex chronic diseases and serious mental illnesses across Nome and fifteen remote village clinics within the Bering Strait region.,Spark Technology and Innovation,650748.21,"Behavioral health/substance use disorder treatment;Clinic;Emergency Medical Services;Family medicine or primary care;Federally qualified health center;Hospital (all types);Maternal health;Non-Profit, Social Service, or Community Based Organization;Organizations providing health technology solutions;Pharmacy;Tribal Health Organization",Nome Census Area,2026-08-28 00:00:00
BP1-IA-255,Implementation,"Pear Suite, Inc.",Launching an Alaska CHW Provider Network and Managed Services Hub,"Pear Suite proposes building a statewide Community Health Worker provider infrastructure and shared services network that enables community-based organizations and local CHW hubs through technology, clinical and compliance support, contracting, revenue cycle management, and operational services, addressing infrastructure gaps that limit CHW integration with healthcare systems across Alaska.",Strengthen Workforce,474967,Organizations providing health technology solutions;Other health care provider,Statewide,2026-08-28 00:00:00
BP1-IA-256,Implementation,"Pear Suite, Inc.",Scaling Alaska’s Community Health Worker Workforce Through Training and Credentialing Infrastructure,"Pear Suite Inc. proposes establishing a statewide Community Health Worker (CHW) workforce development system that combines Alaskan CHW-led training, shared workforce infrastructure, and a credentialing support helpdesk. The project addresses a common challenge: CHWs complete training but often lack ongoing support to navigate credentialing, compliance, and employment pathways. By connecting training to long-term support, the initiative creates a sustainable pathway into Alaska’s healthcare workforce, including rural and frontier communities.",Strengthen Workforce,421467,Organizations providing health technology solutions;Other health care provider,Statewide,2026-08-28 00:00:00
BP1-IA-267,Implementation,Providence Health & Services- Washington,Implementing Remote Patient Monitoring Reimbursement to Drive Sustainability of Services and Positive Outcomes,"Providence Health & Services –Washington proposes establishing Remote Patient Monitoring for three disease states: Congestive Heart Failure, Hypertension, and Type II Diabetes Mellitus. The population of focus would include empaneled Alaskan patients with Medicaid as the primary payer with a diagnosis of one of the three disease states mentioned above.",Spark Technology and Innovation,772500,Family medicine or primary care;Hospital (all types),Statewide,2026-08-28 00:00:00
BP1-IA-268,Implementation,Providence Health & Services- Washington,Improve Continuity of Care in Rural Alaska via Community Connect,"Providence Health & Services – Washington proposes to expand a shared electronic health record system through Community Connect by covering initial vendor licensing costs that prevent small providers from adopting integrated systems. This project addresses fragmented patient records, duplicate testing, poor coordination, and limited system availability. It will support rural hospitals and clinics across Alaska, where scarce resources and high upfront licensing fees prevent use of shared systems that enable continuous, coordinated patient care.",Spark Technology and Innovation,1080000,Behavioral health/substance use disorder treatment;Emergency Medical Services;Family medicine or primary care;Hospital (all types);Maternal health;Pharmacy,Statewide,2026-08-28 00:00:00
BP1-IA-288,Implementation,Set Free Alaska Inc,Rural Health EHR & Systems Modernization TA Initiative,"Set Free Alaska proposes to modernize the operational workflows and health information technology that support behavioral health service delivery, addressing fragmented systems, limited interoperability, and operational inefficiencies affecting rural, remote, and frontier Alaskans. The project will establish an implementation-ready roadmap for integrated, technology-enabled systems that strengthen care coordination and support sustainable healthcare delivery.",Spark Technology and Innovation,95000,Behavioral health/substance use disorder treatment,Statewide,2026-08-28 00:00:00
BP1-IA-316,Implementation,Southeast Region EMS Council,Southeast Alaska EMS Academy Network,"The Southeast Region EMS Council proposes to launch the Southeast Alaska EMS Academy Network, a regional workforce initiative connecting three training hubs with rural communities. The project will expand access to EMS education, instructor development, simulation, leadership support, travel assistance, and collaboration while building shared, increasingly sustainable infrastructure for emergency care across Southeast Alaska.",Strengthen Workforce,616438.23,"Emergency Medical Services;Non-Profit, Social Service, or Community Based Organization",Haines Borough;Hoonah-Angoon Census Area;Juneau (City and Borough);Ketchikan Gateway Borough;Petersburg Borough;Prince of Wales-Hyder Census Area;Sitka (City and Borough);Skagway (Municipality);Wrangell (City and Borough);Yakutat (City and Borough),2026-08-28 00:00:00
BP1-IA-349,Implementation,Upstream Family Medicine Inc,Upstream Family Medicine OB Capacity Building Initiative,"Upstream Family Medicine proposes recruiting a Family Medicine OB physician and providing advanced obstetric and newborn critical care training for current physicians, addressing obstetric workforce shortages and impending provider retirements across the Central Kenai Peninsula. The project will strengthen local rural capacity to provide prenatal, delivery, postpartum, and newborn care for families in the region.",Strengthen Workforce,250000,Clinic;Family medicine or primary care;Maternal health;Private practitioner,Kenai Peninsula Borough,2026-08-28 00:00:00
BP1-IA-002,Implementation,Alaska Academy of Family Physicians,Rural and Frontier point-of-are ultrasound Initiative,"Alaska Academy of Family Physicians proposes to expand point-of-care ultrasound training and equipment access for healthcare professionals in rural and remote Alaska. The project addresses limited local access to diagnostic imaging, long distances to specialty care, and insufficient opportunities for hands-on ultrasound training in underserved communities by providing hands-on education and point-of-care ultrasound equipment to physicians, advanced practice clinicians, nurses, paramedics, Community Health Aides, and other front line healthcare workers serving rural Alaska communities.",Strengthen Workforce,919975,"Family medicine or primary care;Non-Profit, Social Service, or Community Based Organization",Bethel Census Area;Dillingham Census Area;Lake and Peninsula Borough;Yukon-Koyukuk Census Area,2026-08-21 00:00:00
BP1-IA-003,Implementation,Alaska Addiction Rehabilitation Services,Electronic Medical Record Implementation,"Alaska Addiction Rehabilitation Services, Inc. proposes implementing an electronic health record system to improve clinical documentation, care coordination, and data management, addressing the lack of a centralized patient record system for adults receiving substance use disorder treatment from communities across Alaska, including rural and remote areas.",Spark Technology and Innovation,100253.18,"Behavioral health/substance use disorder treatment;Non-Profit, Social Service, or Community Based Organization",Matanuska-Susitna Borough,2026-08-21 00:00:00
BP1-IA-004,Implementation,Alaska Association on Developmental Disabilities,Strengthening Alaska's Rural Disability Workforce and Support System,"Alaska Association on Developmental Disabilities proposes expanding GoodLife Innovation’s evidence-based workforce stabilization, technology advancements, remote support, and education surrounding innovating housing models, including host homes, to strengthen access to consistent services, increase workforce stability, and improve continuity of care for individuals with disabilities and aging adults in rural and remote Alaska.",Strengthen Workforce,2129485,Association,Statewide,2026-08-21 00:00:00
BP1-IA-005,Implementation,Alaska Association on Developmental Disabilities,The Road Home: Intensive Care and Community Integration for Alaskans with Complex Needs,The Alaska Association on Developmental Disabilities proposes to expand Alaska's capacity to support individuals with intensive needs by establishing a new level of care option for Alaskans with intellectual and/or developmental disabilities and other mental health disabilities whose behavior support needs cannot be met in standard community settings. This addresses a long-identified gap in Alaska's continuum of care by creating time-limited step-down settings with dedicated clinical oversight designed to stabilize behavior and support planned transition back to community-based living.,Health Care Access,1570650,Association,Statewide,2026-08-21 00:00:00
BP1-IA-008,Implementation,Alaska Behavioral Health,Fairbanks Crisis Stabilization Center Development and Implementation,"Alaska Behavioral Health will develop and launch a crisis stabilization center in Fairbanks, providing a safe alternative to emergency departments and law enforcement response for behavioral health crises. The project improves access, reduces high-cost utilization, and strengthens coordination across Interior Alaska. All implementation activities will be completed within the performance period ending June 30, 2027.",Health Care Access,1000000,"Behavioral health/substance use disorder treatment;Emergency Medical Services;Non-Profit, Social Service, or Community Based Organization",Denali Borough;Fairbanks North Star Borough;Southeast Fairbanks Census Area,2026-08-21 00:00:00
BP1-IA-007,Implementation,Alaska Behavioral Health,"Behavioral Health Workforce Development, Clinical Internship Program","Alaska Behavioral Health proposes expanding a statewide clinical internship program to train master’s-level behavioral health students, addressing Alaska’s shortage of culturally responsive providers across rural, remote, and frontier communities.",Strengthen Workforce,422500,"Behavioral health/substance use disorder treatment;Emergency Medical Services;Family medicine or primary care;Non-Profit, Social Service, or Community Based Organization",Statewide,2026-08-21 00:00:00
BP1-IA-010,Implementation,Alaska Behavioral Health,Patient Portal and HIE Integration,Alaska Behavioral Health proposes to integrate its electronic health record with Alaska’s Health Information Exchange and implement a patient portal to improve care coordination and patient access. This project addresses fragmented health systems and limited patient access across rural Alaska by enabling real-time data sharing and empowering patients to manage their care statewide.,Spark Technology and Innovation,219343,"Behavioral health/substance use disorder treatment;Family medicine or primary care;Non-Profit, Social Service, or Community Based Organization",Statewide,2026-08-21 00:00:00
BP1-IA-011,Implementation,Alaska Behavioral Health Association,Alaska Rural Routine Outcome Monitoring & Measurement-Informed Care Initiative,"The Alaska Behavioral Health Association proposes implementing routine outcome monitoring and measurement-informed care infrastructure with behavioral health providers, addressing the lack of consistent outcome measurement and treatment feedback systems across Alaska’s rural and frontier behavioral health organizations.",Spark Technology and Innovation,510307.3,Association,Statewide,2026-08-21 00:00:00
BP1-IA-013,Implementation,Alaska Behavioral Health Association,Behavioral Health Supervisor Academy Implementation Initiative,"The Alaska Behavioral Health Association proposes implementing a statewide behavioral health supervisor academy, addressing limited access to structured supervision training and leadership development opportunities for supervisors serving behavioral health organizations across Alaska.",Strengthen Workforce,296179.86,Association,Statewide,2026-08-21 00:00:00
BP1-IA-015,Implementation,Alaska Center for Children and Adults,Community Pathways,"The Alaska Center for Children and Adults (ACCA) proposes to expand screening, care navigation, and partnerships to reach families in its service regions who face barriers to accessing services due to location or ineligibility for existing programs. This will address gaps in access to early developmental, behavioral health, and family support services. The project includes community partnerships and a work-based training program to develop qualified staff.",Health Care Access,507909.94,"Non-Profit, Social Service, or Community Based Organization",Bethel Census Area;Copper River Census Area;Denali Borough;Fairbanks North Star Borough;Hoonah-Angoon Census Area;Nome Census Area;North Slope Borough;Northwest Arctic Borough;Southeast Fairbanks Census Area,2026-08-21 00:00:00
BP1-IA-017,Implementation,Alaska Coalition on Housing and Homelessness,Update of the Alaska Homeless Management Information System for Data Sharing with the Department of Health,"The Alaska Coalition on Housing and Homelessness proposes to update the Alaska Homeless Management Information System to improve its ability to securely integrate and exchange data with health systems. Currently the data system is not able to share or compare data with other data systems. The goal is to strengthen care coordination between housing and healthcare services, improve data matching capabilities and support better understanding of health needs among people experiencing homelessness. The coalition serves approximately 15,000 individuals experiencing homelessness statewide every year.",Healthy Communities,1090860.21,"Non-Profit, Social Service, or Community Based Organization",Statewide,2026-08-21 00:00:00
BP1-IA-019,Implementation,Alaska Eating Disorders Alliance,Strengthening Alaska’s Eating Disorders Continuum of Care,"Alaska Eating Disorders Alliance proposes to strengthen Alaska's eating disorder continuum of care by expanding prevention and provider and parent education, patient navigation, and recovery support statewide. Eating disorders are among the most lethal mental health conditions, yet Alaska lacks the trained workforce, care pathways, and recovery infrastructure needed to identify and treat them. This project will address the most critical gaps and continue to build infrastructure across prevention, treatment, and aftercare for Alaskans statewide.",Health Care Access,383737,"Non-Profit, Social Service, or Community Based Organization",Statewide,2026-08-21 00:00:00
BP1-IA-021,Implementation,Alaska Hospital & Healthcare Association,Essential Obstetric Skill Sustainability: A Rural Alaska Simulation Initiative,Alaska Hospital and Healthcare Association proposes establishing a mobile itinerant clinical training program and distributing localized simulation kits to address the critical gap in emergency obstetric readiness and stabilization across rural healthcare facilities for frontier Alaskan communities.,Healthy Beginnings,358271.87,Association,Statewide,2026-08-21 00:00:00
BP1-IA-024,Implementation,Alaska Housing Finance Corporation,Healthcare Workforce Housing Catalyst,"Alaska Housing Finance Corporation proposes offering flexible housing assistance for up to 150 healthcare workers in 5 communities with 10,000 or fewer people that are located off the road system.  This assistance will be for healthcare workers new to the community and can be used for up to $1,000 / month rent or homeowner assistance for 12 months as a continually employed healthcare worker.  The assistance can flex from rental to homeowner assistance during the service period and will help recruit and retain new healthcare workers struggling with housing availability and costs.",Strengthen Workforce,2000000,Public Corporation,Aleutians East Borough;Aleutians West Census Area;Bethel Census Area;Bristol Bay Borough;Chugach Census Area;Copper River Census Area;Denali Borough;Dillingham Census Area;Haines Borough;Hoonah-Angoon Census Area;Kenai Peninsula Borough;Ketchikan Gateway Borough;Kodiak Island Borough;Kusilvak Census Area;Lake and Peninsula Borough;Nome Census Area;North Slope Borough;Northwest Arctic Borough;Petersburg Borough;Prince of Wales-Hyder Census Area;Sitka (City and Borough);Skagway (Municipality);Southeast Fairbanks Census Area;Wrangell (City and Borough);Yakutat (City and Borough);Yukon-Koyukuk Census Area,2026-08-21 00:00:00
BP1-IA-026,Implementation,Alaska Jewish Campus,Alaska Friendship Circle All-Inclusive Early Childhood Play Center & Programming,"The Alaska Jewish Campus proposes developing an inclusive, indoor early-childhood play center, enhancing the existing Outdoor Play Center and  providing year-round warm, safe, accessible opportunities for play, movement, and social connection, addressing the shortage of inclusive recreation and developmental support opportunities for young children with disabilities and their families. Open to the public, free of charge, the Play Center serves children from Anchorage, Mat-Su and visitors from across Alaska.",Healthy Beginnings,1557975,"Non-Profit, Social Service, or Community Based Organization",Anchorage (Municipality),2026-08-21 00:00:00
BP1-IA-035,Implementation,Alaska Native Tribal Health Consortium,Compatibility Assessment for Wireless Wearable Technology for Continuous Vital Sign Monitoring,"The Alaska Native Tribal Health Consortium (ANTHC) proposes to evaluate wireless wearable technology for continuous patient vital-sign monitoring and to pilot it on a single inpatient unit, addressing the gap in continuous monitoring at rural facilities where intermittent manual vital-sign checks can leave early patient deterioration undetected, for Alaska Native and rural residents served across the Alaska Tribal Health System.",Spark Technology and Innovation,638858,"Non-Profit, Social Service, or Community Based Organization;Tribal Health Organization",Statewide,2026-08-21 00:00:00
BP1-IA-033,Implementation,Alaska Native Tribal Health Consortium,ANTHC-UW Emergency Medicine Residency and Faculty Strengthening Program,"The Alaska Native Tribal Health Consortium (ANTHC) proposes to expand its existing partnership with the University of Washington (UW) to establish a statewide Emergency Medicine (EM) Residency Elective and Faculty Exchange Program in Alaska. In Alaska’s rural communities, hospital emergency departments are often staffed by physicians without residency training in EM, leading to disparities in patient health outcomes. This initiative will strengthen the healthcare workforce by improving access to emergency medical care for patients and supporting the training and retention of EM physicians.",Strengthen Workforce,295994,Behavioral health/substance use disorder treatment;Clinic;Hospital (all types);Maternal health;Pharmacy;Specialist;Tribal Health Organization,Statewide,2026-08-21 00:00:00
BP1-IA-042,Implementation,Alaska Stroke Coalition,Statewide Deployment of Clinical AI Decision Support Network Across Alaska Hospitals,"Alaska Stroke Coalition proposes a statewide AI imaging network across 21 acute care hospitals that pairs broad multi-pathology triage with advanced stroke imaging, so every site — urban or rural — receives the same rapid interpretation support for time-critical findings: stroke, hemorrhage, pulmonary embolism, aortic and spinal injury. Utilizing two complementary, cloud-based platforms that run on existing PACS without new imaging hardware — diagnostic breadth everywhere, plus the stroke depth needed to treat and transfer faster, while surfacing incidental findings for earlier intervention.",Spark Technology and Innovation,3156626,"Non-Profit, Social Service, or Community Based Organization",Statewide,2026-08-21 00:00:00
BP1-IA-044,Implementation,Aleutian Pribilof Islands Association,APIA Facility Renovation and Community Wellness Enhancement (Anchorage and Unalaska),"Aleutian Pribilof Islands Association proposes to establish and expand primary care, behavioral health, and wellness services by improving clinical and community health spaces for Alaska Native people in remote Aleutian and Pribilof Islands communities, including Unalaska and Anchorage. The project will renovate and reconfigure office layouts to create private, functional, and secure spaces for health and social services. This will improve delivery of primary care coordination, behavioral health, victim services, elder case management, and veteran suicide prevention services.",Health Care Access,249806.42,Tribal Health Organization,Aleutians West Census Area,2026-08-21 00:00:00
BP1-IA-046,Implementation,Aleutian Pribilof Islands Association,Strengthening Rural Care Coordination through Expansion of Community Health Worker and Social Work Services,"APIA proposes to expand care coordination by adding one medical social worker and two community health workers to its primary care team. This addresses critical workforce shortages and gaps in patient support services for people living in the remote communities of Atka, Nikolski, St. George, and Unalaska. This addresses critical workforce shortages and gaps in patient support services for people living in the remote communities within APIA's Primary Care Services service area (Atka, Nikolski, St. George and Unalaska).",Strengthen Workforce,242531.68,Clinic;Emergency Medical Services;Family medicine or primary care;Tribal Health Organization,Aleutians West Census Area,2026-08-21 00:00:00
BP1-IA-045,Implementation,Aleutian Pribilof Islands Association,Strengthening APIA Rural Diagnostic Capacity through Laboratory Expansion,"The Aleutian Pribilof Islands Association (APIA) proposes to expand laboratory capability at all four Primary Care Services clinics in the remote Aleutian and Pribilof Islands. This project will install a Piccolo Chemistry Analyzer at Nikolski Health Center and deploy troponin-capable point-of-care diagnostic systems at all sites, including the Oonalaska Wellness Center hub. These upgrades will enable timely onsite testing, reduce delays in critical care (especially cardiac events), minimize costly patient travel and medevacs, and improve health outcomes for rural Unangax communities.",Health Care Access,79141,Clinic;Family medicine or primary care;Federally qualified health center;Tribal Health Organization,Aleutians West Census Area,2026-08-21 00:00:00
BP1-PL-005,Planning,All Alaska Pediatric Partnership,All Alaska Pediatric Partnership: Readiness for a Coordinated Pediatric System of Care,"All Alaska Pediatric Partnership (A2P2) proposes an administrative readiness project to strengthen organizational capacity for implementing a multi-phase expansion of Help Me Grow Alaska's referral pathways and service tracks, in support of a more coordinated statewide pediatric system of care. Two contractors will support project design and implementation planning and organizational/workforce readiness respectively. This readiness investment is designed to position A2P2 to successfully implement a companion DOH-solicited Targeted Innovation proposal.",Healthy Beginnings,221801.8,"Non-Profit, Social Service, or Community Based Organization",Statewide,2026-08-21 00:00:00
BP1-PL-006,Planning,Alzheimer's Resource of Alaska,"Statewide Client Management System for ADRD, Care Coordination, and Reimbursement Infrastructure","Alzheimer's Resource of Alaska (ARA) proposes to implement an integrated, statewide client management platform to consolidate ADRD services, Medicaid waiver care coordination, mini-grant administration, and Community Care Hub workflows currently tracked across multiple fragmented tools and paper-based processes. The project will hire a Data Manager, engage a strategic advisory consultant, establish KPIs and data governance structures, and select and begin implementing a unified system that supports billing, referral tracking, and reporting. This infrastructure redesign is intended to strengthen ARA's capacity to deliver coordinated care statewide and support Medicare billing through the Community Care Hub pilot.",Spark Technology and Innovation,374051.38,"Non-Profit, Social Service, or Community Based Organization",Statewide,2026-08-21 00:00:00
BP1-IA-051,Implementation,Arctic Slope Native Association,Center for Supporting Healthy Families Project,"The Arctic Slope Native Association proposes the expansion of health care services in the Arctic Slope Region through the creation of a single coordinated center for families to access health care
referrals, health education, social services, and other family supports to address specific needs for their children.

This project will address gaps in service delivery where referrals might get stuck or lost between programs, parents complete multiple or duplicate intake/eligibility forms, or people seeking services may discover that they are in the wrong building to access a particular program.",Healthy Beginnings,2000000,"Clinic;Dental;Emergency Medical Services;Family medicine or primary care;Hospital (all types);Maternal health;Non-Profit, Social Service, or Community Based Organization;Pharmacy;Tribal Health Organization",North Slope Borough,2026-08-21 00:00:00
BP1-IA-054,Implementation,Arctic Slope Native Association,Surgical Suite Renovation,"The Arctic Slope Native Association proposes to renovate space at the Samuel Simmonds Memorial Hospital to create a surgical suite in Utqiagvik Alaska. This project provides access to surgical care for approximately 10,000 residents that would otherwise have to leave the community.  Creating this access reduces travel impact on expectant mothers, elderly/medically fragile patients, and improves response times for trauma patients.",Health Care Access,2000000,"Emergency Medical Services;Family medicine or primary care;Hospital (all types);Maternal health;Non-Profit, Social Service, or Community Based Organization;Pharmacy;Tribal Health Organization",North Slope Borough,2026-08-21 00:00:00
BP1-PL-007,Planning,Arctic Slope Native Association,Community Alcohol and Other Drug Abuse Health Assessment & Planning,"Arctic Slope Native Association (ASNA), in partnership with the North Slope Borough Health and Social Services Department, proposes a $500,000 feasibility study to assess the viability of establishing a sober living environment and detox facility on the North Slope, where 42% of households report being impacted by alcohol or drug use and inpatient AODA treatment currently requires patients to leave Alaska. The study will identify barriers to sustainable AODA services, evaluate operating models, and produce architectural concepts. Findings will be shared regionally and statewide as a potential model for addressing AODA service gaps in rural Alaska.",Health Care Access,500000,Tribal Health Organization,North Slope Borough,2026-08-21 00:00:00
BP1-IA-055,Implementation,Arctic Slope Native Association,Virtual Intensive Care Unit Project,The Arctic Slope Native Association proposes to address the complete lack of intensive care unit beds in the region by installing technology to create three virtual intensive care rooms at the Samuel Simmonds Memorial Hospital. Upgrading these rooms will allow complex cases to be treated in the region rather than transferring them to Anchorage.,Health Care Access,500000,"Clinic;Dental;Emergency Medical Services;Family medicine or primary care;Hospital (all types);Maternal health;Non-Profit, Social Service, or Community Based Organization;Pharmacy;Tribal Health Organization",North Slope Borough,2026-08-21 00:00:00
BP1-IA-057,Implementation,Arete Family Care,Point of Care Ultrasound & PACS System,"Arete Family Care, LLC proposes to acquire a diagnostic ultrasound system and integrated PACS to establish on-site imaging capability at our Anchorage primary care clinic, addressing the lack of accessible, affordable diagnostic imaging for uninsured, underinsured, Medicare, and Tricare patients who face significant delays, transportation barriers, and referral dropout when referred to external facilities for routine abdominal, pelvic, thyroid, and vascular studies.",Health Care Access,62625,Family medicine or primary care,Anchorage (Municipality),2026-08-21 00:00:00
BP1-IA-066,Implementation,Bartlett Regional Hospital,Bartlett Secure Communication Expansion,"Bartlett Regional Hospital proposes to expand and enhance the hospital's communication infrastructure by adding modules to our secure communication software that improve patient engagement and functionality for staff in a way that is HIPAA compliant. The enhanced system will allow our patient population of 70,000 Southeast Alaskans to engage with their healthcare in a secure platform integrated with hospital scheduling and care team communications. Consolidating these functions improves reliability, reduces manual outreach burdens, and enhances the speed and safety of clinical decision-making.",Spark Technology and Innovation,341943,Behavioral health/substance use disorder treatment;Clinic;Emergency Medical Services;Family medicine or primary care;Home-and-community-based services provider;Hospital (all types);Local government;Maternal health;Other health care provider;Pharmacy;Specialist,Haines Borough;Hoonah-Angoon Census Area;Juneau (City and Borough);Ketchikan Gateway Borough;Petersburg Borough;Prince of Wales-Hyder Census Area;Sitka (City and Borough);Skagway (Municipality);Wrangell (City and Borough);Yakutat (City and Borough),2026-08-21 00:00:00
BP1-IA-068,Implementation,Brave Heart Maternity Home,Brave Heart Maternity Home - Strengthening Alaska’s Healthy Beginnings,"Brave Heart Maternity Home proposes establishing Alaska's first maternal stabilization home to keep pregnant and postpartum mothers and infants safely together. The project addresses the gap in maternity housing and coordinated prenatal, behavioral health, recovery, and parenting support for women in crisis, including those facing homelessness, DV, poverty, substance use, or child welfare involvement in the Matanuska-Susitna Borough and surrounding rural communities. Pregnant women experiencing homelessness are an invisible population, untracked until a crisis forces an emergency response.",Healthy Beginnings,678460,"Maternal health;Non-Profit, Social Service, or Community Based Organization",Anchorage (Municipality);Matanuska-Susitna Borough,2026-08-21 00:00:00
BP1-IA-079,Implementation,Cartwheel Health Services,Project HEARTH: Health & Education Advancement through Rural Telehealth Hubs,"Cartwheel proposes, in partnership with the Bristol Bay Area Health Corporation and the Fairbanks and Anchorage school districts, to deliver mental health care via telehealth to rural, remote, and frontier students and families and to help schools and local providers coordinate care and bill Medicaid for school-based services. In doing so, we address long wait times, transportation barriers, and provider shortages that leave rural students and families without reliable access to behavioral health support.",Healthy Communities,993347.45,Behavioral health/substance use disorder treatment;Organizations providing health technology solutions;Other vendors partnering with an Alaska healthcare or community organization;Specialist,Bristol Bay Borough;Dillingham Census Area;Fairbanks North Star Borough;Lake and Peninsula Borough,2026-08-21 00:00:00
BP1-IA-080,Implementation,Catholic Social Services Brother Francis Shelter Clare House,Closing the Gap: Rural Health Care Transitions for Medically Fragile Alaskans,"Catholic Social Services proposes to implement a Medicaid-aligned Medical Respite model to support future inclusion in Alaska’s Medicaid demonstration waiver, addressing the lack of a reimbursable recovery setting for medically fragile Alaskans experiencing homelessness who are too ill to recover safely in shelter or on the street.",Health Care Access,820093.65,"Non-Profit, Social Service, or Community Based Organization",Anchorage (Municipality);Matanuska-Susitna Borough,2026-08-21 00:00:00
BP1-IA-081,Implementation,CSS Early Learning,Mental Health Supports for Early Childhood,"CCS Early Learning will establish a Behavioral Health Associate training hub — using Head Start classrooms as a real-world learning environment — and an early childhood mental health clinic for children ages 0–5. In 2023–24, 44% of CCS-enrolled children qualified based on foster care or homelessness — 7 times the national Head Start average — documenting acute need for expanded behavioral health services in Alaska's Matanuska-Susitna Borough.",Healthy Beginnings,954143.18,"Clinic;Non-Profit, Social Service, or Community Based Organization",Matanuska-Susitna Borough,2026-08-21 00:00:00
BP1-PL-011,Planning,Christian Health Associates,Expanding the Healthy Smiles Forever Model of On-site Oral Healthcare to Rural Long Term Care Facilities,"Christian Health Associates proposes to plan the expansion of its existing Healthy Smiles Forever on-site dental care model—currently operating at 5 Anchorage and Mat-Su Valley facilities for 10 years—to 5 rural long-term care facilities in Homer, Cordova, Juneau, Ketchikan, and Soldotna. Planning activities include developing a replicable expansion template, analyzing organizational structure options, building recruitment strategies, and improving Medicaid reimbursement processes. Technology upgrades for existing sites are also planned to improve operational efficiency.",Health Care Access,246050,"Non-Profit, Social Service, or Community Based Organization",Statewide,2026-08-21 00:00:00
BP1-PL-012,Planning,City and Borough of Juneau,Community Health Data and Billing Infrastructure,"The City and Borough of Juneau's CCFR Community Health Division proposes to hire a contractor to build billing and data infrastructure within the Imagetrend platform for its three community health teams—Mobile Integrated Health, Mobile Crisis, and Sleep-off/Sobering Center—which currently conduct nearly 5,000 annual contacts with no reimbursement or billing structure. The contractor will develop Medicaid/Medicare billing systems and automated reporting dashboards to support program sustainability and quality improvement. This infrastructure investment is designed to provide a stable funding pathway for community health programs currently dependent entirely on CBJ appropriations.",Pay for Value,76554,Local Government,Juneau (City and Borough),2026-08-21 00:00:00
BP1-IA-095,Implementation,City of Bethel,New EKG Monitors ,"The City of Bethel proposes to purchase three new state-of-the-art EKG monitors/defibrillators, now called cardiac monitors/defibrillators, to replace three ten-year old cardiac monitor/defibrillators stationed in three ambulances used by emergency medical service responders. The current equipment is at the end of its useful life, produces slower diagnostic results, is difficult to find parts for and repair, and has experienced heavy use due to Bethel's high call volume. Bethel EMS personnel serve Bethel residents and visitors 24 hours a day, 365 days a year.",Health Care Access,209237.62,Local government,Bethel Census Area,2026-08-21 00:00:00
BP1-IA-104,Implementation,City of Togiak,Togiak Family Resource Center Renovation: Jake's Place Satellite Facility and Community Wellness Center,"The City of Togiak proposes to renovate the Family Resource Center to establish a Jake's Place satellite residential substance use disorder treatment program, in partnership with Bristol Bay Area Health Corporation, alongside a community wellness gathering space, addressing the absence of local treatment options for Togiak and the western Bristol Bay region, where residents must leave their home communities to access care. The year one planning phase reduces risk by establishing operational sustainability before capital investment occurs.",Health Care Access,225852,Local government,Dillingham Census Area,2026-08-21 00:00:00
BP1-IA-106,Implementation,Community Connections,Grow Your Own Behavioral Health Workforce and Training Supports,"Community Connections proposes to develop and implement a locally rooted behavioral health workforce pipeline to address critical workforce shortages limiting access to children’s mental health services in Ketchikan and remote communities on Prince of Wales Island, building capacity through credential advancement, structured internships, onboarding improvements, and community-based career pathways.",Strengthen Workforce,244568,"Behavioral health/substance use disorder treatment;Non-Profit, Social Service, or Community Based Organization",Ketchikan Gateway Borough;Prince of Wales-Hyder Census Area,2026-08-21 00:00:00
BP1-IA-113,Implementation,Cordova Community Medical Center,"Rural Pharmacy Transformation: Safe Compounding, Automated Dispensing, and Infusion Care","Cordova Community Medical Center proposes to modernize its pharmacy infrastructure and clinical workforce to launch safe, on-site chemotherapy and biologic infusion services by achieving USP <797>/<800> compliance through certified cleanroom installation and deploying an automated dispensing system to replace manual medication management. These investments will close the infrastructure gap that currently forces Cordova patients to travel by plane or ferry to Anchorage for treatments that are standard of care elsewhere.",Health Care Access,1291355,Hospital (all types);Pharmacy,Chugach Census Area,2026-08-21 00:00:00
BP1-IA-117,Implementation,Council of Athabascan Tribal Governments,"Growing Health in the Yukon Flats: SDPI Expansion for Food Security, Community Wellness, and Diabetes Prevention","The Council of Athabascan Tribal Governments proposes to expand its Special Diabetes Program for Indians by increasing access to healthy foods, nutrition education, traditional foods activities, physical activity opportunities, and diabetes prevention services to address food insecurity, chronic disease risk, and barriers to healthy living among Alaska Native residents of Arctic Village, Beaver, Fort Yukon, and Venetie through community gardening, wellness activities, healthy cooking education, food preservation training, and community-based health promotion.",Healthy Communities,370511.6,"Federally qualified health center;Non-Profit, Social Service, or Community Based Organization;Tribal Health Organization",Yukon-Koyukuk Census Area,2026-08-21 00:00:00
BP1-INT-17,Implementation,Department of Education & Early Development,Alaska School District Healthcare Programs of Study  ,"The Alaska Department of Education & Early Development (DEED) will provide competitive subgrants to school districts, partnering vocation training institutions and local regional employers to deliver programs of study in healthcare careers to secondary students. Public school districts currently receive federal Carl Perkins funding to provide exposure and training to students to connect them to workforce opportunities after graduation.  Of Alaska’s 53 districts, 36 small and rural districts receive only $20,000 of these federal funds to provide Career and Technical Education across fourteen different career clusters of which Healthcare and Human Services is just one.  Currently, 26 of Alaska’s smallest districts do not offer any federally funded healthcare career and technical education due to limited capacity or resources. Each school district is part of DEED’s existing network that supports and promotes career and technical education programming.  The healthcare program of study grants would allow smaller rural districts to focus on providing options to rural students to explore healthcare career options and receive technical training leading to careers in the local, regional, and statewide healthcare sector.  The grants would serve students with priority given to smaller rural districts facing economy of scale limitations.  ",Strengthen Workforce,4272636,State agency,Statewide,2026-08-21 00:00:00
BP1-INT-04,Implementation,"Division of Health Care Services, Department of Health",Real-Time Digital Access for Applicants to the Alaska Background Check Program,"The Division of Health Care Services proposes to modernize the digital Applicant Site to enable real-time background check management, addressing the delays and administrative barriers of outdated, mail-based processing that exacerbate workforce shortages for health care providers across rural and frontier Alaska.",Spark Technology and Innovation,132300,State agency,Statewide,2026-08-21 00:00:00
BP1-INT-02,Implementation,"Division of Public Health, Department of Health",Fresh Start Expansion,"The Section of Chronic Disease Prevention and Health Promotion within the State of Alaska Department of Health, Division of Public Health, proposes to increase access to chronic disease prevention and management programs for Alaskans statewide. ",Healthy Communities,1374000,State agency,Statewide,2026-08-21 00:00:00
BP1-INT-03,Implementation,"Division of Public Health, Department of Health",Emergency Medical Services Modernization & Expansion,"The Office of Emergency Medical Services proposes establishing statewide policies, technical assistance, standardized leadership training, and reimbursement strategies to modernize emergency medical services across Alaska. The project addresses limited reimbursement options, training and management gaps, and barriers to providing care without transport to an emergency department. It will support EMS agencies, tribal organizations, healthcare providers, and rural communities by developing standardized guidance, training, and innovative emergency care delivery models.",Health Care Access,618916.24,State agency,Statewide,2026-08-21 00:00:00
BP1-IA-129,Implementation,Eastern Aleutian Tribes,Healthier Alaskans: Rural Oral Health Access and Dental Infrastructure Modernization Initiative,"Eastern Aleutian Tribes proposes to modernize regional dental infrastructure, replace aging equipment, deploy portable dental treatment systems, and expand oral health access across remote communities. The project addresses limited access to dental care, aging clinical infrastructure, and geographic barriers affecting residents of Adak, Akutan, Cold Bay, False Pass, King Cove, Nelson Lagoon, and Sand Point.",Health Care Access,3786120.84,Dental;Federally qualified health center;Tribal Health Organization,Aleutians East Borough;Aleutians West Census Area,2026-08-21 00:00:00
BP1-IA-125,Implementation,Eastern Aleutian Tribes,Healthier Alaskan:  Portable Digital X-Ray Access for Nelson Lagoon,"Eastern Aleutian Tribes proposes implementing portable digital x-ray services in Nelson Lagoon to improve access to diagnostic imaging, address delays in medical evaluation and treatment, and reduce transportation barriers for residents of Nelson Lagoon and surrounding rural communities in our service area.",Health Care Access,116621.59,Clinic;Emergency Medical Services;Family medicine or primary care;Federally qualified health center;Tribal Health Organization,Aleutians East Borough,2026-08-21 00:00:00
BP1-IA-137,Implementation,Envoy Integrated Health,Statewide Population Health Service Organization,"Envoy Integrated Health proposes building a statewide shared services model that gives Alaska’s providers access to high quality and affordable electronic health records, data analytics, and care coordination tools.  This statewide population health services model addresses Alaska’s fragmented healthcare system, limited interoperability, and high infrastructure costs by enabling Alaska’s providers – especially those in small, independent, or rural practices – to manage the health of their patients and participate in value-based care.",Pay for Value,6349886.26,Clinic;Family medicine or primary care;Other health care provider;Private practitioner;Specialist,Statewide,2026-08-21 00:00:00
BP1-IA-135,Implementation,Envoy Integrated Health,Medicaid Accountable Care Organization Pilot,"Envoy Integrated Health proposes to pilot a Medicaid Accountable Care Organization (ACO) that brings providers together to coordinate care, improve quality, and reduce avoidable costs for Alaska Medicaid beneficiaries. Our project will take a tried-and-true value-based care model, which Envoy has already proven can be successful in Alaska, and translate it to Alaska’s Medicaid population.",Pay for Value,1509019.17,Clinic;Family medicine or primary care;Other health care provider;Private practitioner;Specialist,Anchorage (Municipality);Kenai Peninsula Borough;Matanuska-Susitna Borough,2026-08-21 00:00:00
BP1-IA-141,Implementation,Fond of You Inc (Somethings),Virtual Low-Bandwidth Certified Peer Support for Youth and Young Adults in Rural Alaska,"Somethings will provide accessible, low-bandwidth virtual peer mentorship to over 3,000 Alaska youth ages 13 to 26 in rural, frontier, and Alaska Native communities. Through Alaska-based Certified Peer Specialists who share lived experience and local context, the program expands behavioral health access, strengthens the peer support workforce, and opens a new front door for youth mental health care, with local partners across the state for referral pathways. The goal is to reduce depression, anxiety, and emergency department utilization in areas with limited behavioral health access.",Health Care Access,2617260,Behavioral health/substance use disorder treatment;Organizations providing health technology solutions;Other vendors partnering with an Alaska healthcare or community organization,Statewide,2026-08-21 00:00:00
BP1-IA-143,Implementation,Frontier Community Services,Alaska Community Care for Medical Complexity Pilot,"Frontier Community Services proposes implementing a specialized community-based care model for Alaskans with intellectual and developmental disabilities who have complex medical needs. The project addresses the lack of residential providers able to support individuals with higher medical acuity, resulting in extended hospital stays and institutional placements. Services will focus on rural and frontier communities across Alaska while evaluating provider capacity, reimbursement structures, and support-level assessment approaches to inform future system planning.",Health Care Access,249208.8,"Home-and-community-based services provider;Non-Profit, Social Service, or Community Based Organization",Kenai Peninsula Borough,2026-08-21 00:00:00
BP1-IA-144,Implementation,Frontier Community Services,Connected Independence: Advancing Rural Aging in Place,"Frontier Community Services proposes implementing a hybrid aging-in-place service model that combines structured in-home supports with technology-enabled monitoring, communication, wellness engagement, and care coordination tools, addressing workforce shortages, transportation barriers, geographic isolation, social disconnection, and limited access to affordable safety supports for older adults living independently across the Kenai Peninsula. The model strengthens existing services while enhancing connection, safety, and access to community resources.",Spark Technology and Innovation,240033.48,"Home-and-community-based services provider;Non-Profit, Social Service, or Community Based Organization",Kenai Peninsula Borough,2026-08-21 00:00:00
BP1-PL-015,Planning,Frontier Community Services,Bringing Alaska’s Children Home: Community-Based Therapeutic Care and Family Supports,"Frontier Community Services proposes to develop a coordinated system of therapeutic childcare, after-school programs, and licensed therapeutic foster care for children with developmental disabilities and complex behavioral health needs on the Kenai Peninsula. The project will also work toward creating in-state residential alternatives for the more than 50 Alaska children currently in out-of-state institutional care, and will offer childcare options for Direct Support Professionals working extended shifts to support workforce retention. The approach leverages FCS's existing Medicaid provider infrastructure, billing systems, and Infant Learning Program to support sustainable implementation.",Healthy Beginnings,233922.68,"Non-Profit, Social Service, or Community Based Organization",Kenai Peninsula Borough,2026-08-21 00:00:00
BP1-INT-24,Implementation,healthEconnect Alaska,Statewide Health Information Exchange Expansion,"healthEconnect Alaska proposes to strengthen Alaska’s statewide health data infrastructure by expanding health information exchange connectivity and interoperability, particularly for small and rural healthcare providers. Key activities include supporting EMR interoperability standards, providing technical assistance and connectivity funding, expanding population health dashboards and claims-based analytics to support Pay For Value projects, and strengthening care coordination through real-time event notifications, care team visibility, and referral tools. These activities align with milestones identified in DOH’s RHTP application including 1) Expand statewide health information exchange; 2) Enter contracts to expand HIE interoperability; and 3) Provide targeted investments for participating in electronic health record systems.",Spark Technology and Innovation,4570000,"Non-Profit, Social Service, or Community Based Organization",Statewide,2026-08-21 00:00:00
BP1-IA-156,Implementation,Hope Community Resources Inc,Direct Support Professional (DSP) Mentor & Internship Program,"Hope Community Resources, Inc. proposes expanding mentorship, internships, and statewide recruitment opportunities to address the high first-year turnover and workforce shortages in disability support and human services across Alaska. The program will strengthen support for new direct support professionals (DSPs) and interns serving people who experience intellectual and developmental disabilities, traumatic brain injuries, and mental health challenges, including in rural Alaska communities where consistent, qualified staffing is limited.",Strengthen Workforce,247051.27,"Behavioral health/substance use disorder treatment;Home-and-community-based services provider;Non-Profit, Social Service, or Community Based Organization",Anchorage (Municipality);Kenai Peninsula Borough;Kodiak Island Borough;Matanuska-Susitna Borough;North Slope Borough,2026-08-21 00:00:00
BP1-IA-162,Implementation,Interior Community Health Center,"Improve blood pressure control in 50% of the 320 high needs patients who have uncontrolled hypertension by June 30, 2027.","Interior Community Health Center (ICHC), a Federally Qualified Health Center (FQHC), located in Fairbanks, Alaska within the Fairbanks North Star Borough (a hub to the Denali Borough, Southeast Fairbanks and Yukon-Koyukuk Census Areas) proposes to improve blood pressure control in 50% (160 of 320)of its patients diagnosed with uncontrolled hypertension. ICHC proposes to do this by using a remote patient monitoring (RPM) nursing service linked to the patient's home blood pressure cuff and their electronic health record (EHR), utilizing an individualized health promotion coaching intervention.",Healthy Communities,88871,"Behavioral health/substance use disorder treatment;Clinic;Dental;Family medicine or primary care;Federally qualified health center;Non-Profit, Social Service, or Community Based Organization",Denali Borough;Fairbanks North Star Borough,2026-08-21 00:00:00
BP1-IA-172,Implementation,Kachemak Bay Family Planning Clinic,Bridging the Distance: Remote Maternal and Reproductive Health Services on the Kenai Peninsula,"Kachemak Bay Family Planning Clinic proposes to expand remote service delivery by piloting a replicable Postpartum Home Visit program and scaling Pop-Up Clinic services, addressing the shortage of accessible maternal and reproductive health care for rural and remote Alaskans living on the Kenai Peninsula.",Healthy Beginnings,727091.29,"Clinic;Family medicine or primary care;Maternal health;Non-Profit, Social Service, or Community Based Organization;Other health care provider",Kenai Peninsula Borough,2026-08-21 00:00:00
BP1-IA-178,Implementation,Ketchikan Indian Community,Rural Health Through Partnerships - Salmon Falls Healing Center,"Ketchikan Indian Community (KIC) will transform access to behavioral health services by developing and operationalizing the Salmon Falls Healing and Wellness Center, a first-of-its-kind tribally led residential treatment and recovery campus in Southeast Alaska. The project will expand access to coordinated, culturally responsive care by integrating residential treatment, behavioral health services, recovery supports, care coordination, workforce development, and community-based healing services into a single continuum of care.",Health Care Access,5000000,"Behavioral health/substance use disorder treatment;Clinic;Non-Profit, Social Service, or Community Based Organization;Tribal Health Organization",Ketchikan Gateway Borough;Petersburg Borough;Prince of Wales-Hyder Census Area;Wrangell (City and Borough),2026-08-21 00:00:00
BP1-IA-189,Implementation,Kodiak Community Health Center,Strengthening Financial Systems to Support Sustainable Rural Healthcare Services,"Kodiak Community Health Center proposes to strengthen its financial systems through reimbursement analysis, payer contract review, revenue cycle assessment, and financial planning to address limited internal capacity for complex financial analysis and support sustainable health care services for the Kodiak community.",Pay for Value,241655.17,"Behavioral health/substance use disorder treatment;Clinic;Family medicine or primary care;Federally qualified health center;Maternal health;Non-Profit, Social Service, or Community Based Organization;Pharmacy",Kodiak Island Borough,2026-08-21 00:00:00
BP1-IA-186,Implementation,Kodiak Community Health Center,Patient Access & Capacity Optimization Initiative,"Kodiak Community Health Center (KCHC) proposes to improve patient access by evaluating and optimizing appointment scheduling, provider templates, and clinic workflows to better align available appointments with patient demand, addressing barriers to timely primary care access for patients across the Kodiak community.",Health Care Access,203091.53,"Behavioral health/substance use disorder treatment;Clinic;Family medicine or primary care;Federally qualified health center;Maternal health;Non-Profit, Social Service, or Community Based Organization;Pharmacy",Kodiak Island Borough,2026-08-21 00:00:00
BP1-IA-183,Implementation,Kodiak Community Health Center,Bidirectional Exchange of Radiology and Laboratory Orders and Results with Providence,"Kodiak Community Health Center (KCHC) proposes to implement secure electronic exchange of laboratory and radiology orders and results with Providence Kodiak Island Medical Center (PKIMC), replacing paper-based and manual processes that contribute to delays, errors, privacy risks, and administrative burden for patients and providers across the Kodiak community.",Spark Technology and Innovation,181093.27,"Behavioral health/substance use disorder treatment;Clinic;Family medicine or primary care;Federally qualified health center;Health Information Exchange (HIE);Maternal health;Non-Profit, Social Service, or Community Based Organization;Pharmacy",Kodiak Island Borough,2026-08-21 00:00:00
BP1-IA-187,Implementation,Kodiak Community Health Center,Reducing Provider Documentation Burden Through AI-Supported Clinical Documentation,"Kodiak Community Health Center (KCHC) proposes expanding the use of an AI-supported clinical documentation platform to reduce provider documentation burden and improve workflow efficiency, addressing workforce capacity constraints and access to care challenges in the Kodiak community.",Spark Technology and Innovation,25492.5,"Behavioral health/substance use disorder treatment;Clinic;Family medicine or primary care;Federally qualified health center;Maternal health;Non-Profit, Social Service, or Community Based Organization;Pharmacy",Kodiak Island Borough,2026-08-21 00:00:00
BP1-IA-185,Implementation,Kodiak Community Health Center,Health IT Service Management & EHR Support Initiative,"Kodiak Community Health Center (KCHC) proposes to implement a centralized health information technology service management system to improve tracking, prioritization, and resolution of electronic health record and technology support requests, addressing inefficient support processes that affect clinical operations and staff efficiency across the Kodiak community.",Spark Technology and Innovation,6354.5,"Behavioral health/substance use disorder treatment;Clinic;Family medicine or primary care;Federally qualified health center;Maternal health;Non-Profit, Social Service, or Community Based Organization;Pharmacy",Kodiak Island Borough,2026-08-21 00:00:00
BP1-IA-198,Implementation,Maniilaq Association,Pharmacy Modernization Project,"Maniilaq Association proposes a pharmacy modernization project to expand access to pharmacy care for 11 off-road village communities across the 38,000-square-mile service area in the rural Northwest Arctic. This project is intended to reduce health disparities related to medication management and adherence to medication regimens, increase immediate access to more types of medications and pharmaceutical care services, and improve medication safety and accountability through technology.",Health Care Access,1172759.64,"Clinic;Federally qualified health center;Hospital (all types);Non-Profit, Social Service, or Community Based Organization;Pharmacy;Tribal Health Organization",North Slope Borough;Northwest Arctic Borough,2026-08-21 00:00:00
BP1-IA-199,Implementation,Maniilaq Association,Portable X-Ray Units for Rural Arctic Village Clinics,"Maniilaq Association proposes to install portable X-ray units in small Northwest Arctic village clinics to enable on-site, rapid, high-quality imaging. On-site imaging will:

A) Reduce the need for expensive air travel for diagnostic imaging,
B) Enable quicker treatment decisions, and
C) Allow village clinic community health aides working via telehealth with hospital-based providers in the hub community of Kotzebue Maniilaq Health Center to quickly identify if an emergency medical evacuation is required.",Health Care Access,218964,"Clinic;Emergency Medical Services;Federally qualified health center;Hospital (all types);Non-Profit, Social Service, or Community Based Organization;Tribal Health Organization",North Slope Borough;Northwest Arctic Borough,2026-08-21 00:00:00
BP1-IA-200,Implementation,MAPHABIT INC,"ANCHOR: Aging & Neurodivergent Care through Health, Outreach, and Remote Support","MapHabit proposes ANCHOR, a statewide partner-led model delivering two evidence-based home- and community-based supports. MapHabit delivers AI-powered visual maps for people with intellectual and developmental disabilities, traumatic brain injury, and Alzheimer's-related dementias. Vivo delivers virtual strength programming for adults 55+ or at risk of falls. ANCHOR targets rural, remote, and frontier health access, caregiver, and workforce gaps statewide with an initial focus on the Matanuska-Susitna and Kenai Peninsula Boroughs.",Health Care Access,1241085.55,Home-and-community-based services provider;Organizations providing health technology solutions;Other vendors partnering with an Alaska healthcare or community organization,Statewide,2026-08-21 00:00:00
BP1-IA-210,Implementation,Matanuska-Susitna Borough School District,Building the Mat-Su Healthcare Workforce: High School Pathways for Rural Alaska,"Matanuska-Susitna Borough School District proposes building a regional healthcare workforce training network and certification hub, addressing healthcare workforce shortages, limited training capacity, and barriers to career entry for students and healthcare employers across the Mat-Su Borough and rural Alaska.",Strengthen Workforce,1845863.21,Education organization (Not public university in Alaska),Matanuska-Susitna Borough,2026-08-21 00:00:00
BP1-IA-211,Implementation,McCarthy Emergency Services,"Frontier Clinic Completion: Primary Care Access for McCarthy-Kennecott, Alaska","McCarthy Emergency Services proposes to complete and equip a frontier primary care clinic in McCarthy, Alaska, addressing the total absence of primary care infrastructure in one of the state's most remote and fastest-growing communities. The clinic will serve permanent residents, seasonal workers, and visitors across a vast, road-limited region of East-Central Alaska with no local access to a physician, nurse practitioner, or Community Health Aide.",Health Care Access,272689,"Clinic;Education organization (Not public university in Alaska);Emergency Medical Services;Family medicine or primary care;Maternal health;Non-Profit, Social Service, or Community Based Organization",Copper River Census Area,2026-08-21 00:00:00
BP1-IA-216,Implementation,Mountain View Health Services,Mountain View Community Health Transformation and Sustainability Initiative - Building a Neighborhood Health System Without Walls,"Mountain View Health Services proposes a Physician-led, Nurse-enabled, Social Work-integrated, Early Life Community Health Worker (EL-CHW)-supported neighborhood health system ""without walls"". The project combines integrated primary care, behavioral health, substance use treatment, telehealth, home visiting, and mobile health with a new Medicaid-supported EL-CHW model providing prevention and care coordination from preconception through age five to improve access and outcomes for underserved residents of Anchorage.",Health Care Access,1920730,"Behavioral health/substance use disorder treatment;Clinic;Family medicine or primary care;Home-and-community-based services provider;Maternal health;Non-Profit, Social Service, or Community Based Organization",Anchorage (Municipality),2026-08-21 00:00:00
BP1-IA-218,Implementation,Municipality of Anchorage,Municipality of Anchorage: Connecting Crisis Care and Safety Net System to Rural Healthcare,"Municipality of Anchorage (MOA) proposes to implement technology and test pilot approaches to improve outcomes from behavioral health crisis response, especially for rural and Tribal enrollees seeking care in Anchorage. The MOA will implement interoperable client records to coordinate care with local, Tribal, and other healthcare providers, sustain services, and capture data. MOA will implement and evaluate pilot projects to fill critical gaps in Anchorage's Crisis Care and Safety Net System to improve patient outcomes and system efficiency, and identify possible new Medicaid waiver services.",Spark Technology and Innovation,3015900,Behavioral health/substance use disorder treatment;Clinic;Emergency Medical Services;Local government;Maternal health;Organizations providing health technology solutions;Other health care provider,Anchorage (Municipality),2026-08-21 00:00:00
BP1-IA-219,Implementation,My House,Jeffs Path Expansion,"My House is expanding residential behavioral health services for young adults ages 18–25 in the Mat-Su Valley by increasing capacity from 8 to 16 beds and adding ASAM Level 3.5 alongside Level 3.1 care. This service reduces the risks associated with placing young adults in mixed-age adult settings, where exposure to older, higher-acuity populations can negatively impact safety, engagement, and recovery. This expansion strengthens coordinated care with hospitals, behavioral health providers, and justice system partners to improve continuity of care and recovery outcomes.",Healthy Communities,965974.17,"Non-Profit, Social Service, or Community Based Organization",Matanuska-Susitna Borough,2026-08-21 00:00:00
BP1-IA-224,Implementation,Native Village of Eyak Ilanka Community Health Center,Ilanka Community Health Center and Cordova Community Medical Center Exploratory/Planning Phases for One Healthcare System,"The Native Village of Eyak (NVE) proposes an exploratory/planning phases to begin the process of investigating a one healthcare system for the community of Cordova. Ilanka Community Health Center owned and operated by NVE and Cordova Community Medical Center (CCMC) are seeking the resources and support needed to begin the initial exploratory steps of a potential merger, including evaluating how combining services could strengthen financial stability, improve operational efficiency, and ultimately enhance care for the Cordova community all while keeping healthcare services close to home.",Healthy Communities,434202,Behavioral health/substance use disorder treatment;Clinic;Dental;Family medicine or primary care;Federally qualified health center;Tribe;Tribal Health Organization,Chugach Census Area,2026-08-21 00:00:00
BP1-IA-226,Implementation,Ninilchik Traditional Council,ADA-Accessible Mobile Integrated Health Expansion for Frontier Communities,"Ninilchik Traditional Council proposes to expand mobile health services by adding a larger, accessible mobile medical unit and establishing regular clinics concentrating in Kasilof, and other underserved communities on the southern Kenai Peninsula. The project addresses the lack of local health services and limited access to care caused by long travel distances and the existing mobile unit cannot accommodate people with disabilities or complex health needs.",Health Care Access,450000,Behavioral health/substance use disorder treatment;Clinic;Family medicine or primary care;Tribal Health Organization,Kenai Peninsula Borough,2026-08-21 00:00:00
BP1-IA-229,Implementation,North Slope Borough Fire Department,Foundations for Regional EMS Training,"The North Slope Borough Fire Department proposes to establish a regional pediatric and neonatal emergency care training program for emergency responders and Community Health Aides that develops local instructor capacity, delivers simulation-based education, and expands specialty training opportunities. This project addresses gaps in pediatric and neonatal emergency care training across the North Slope Borough, where geographic isolation, limited access to specialty education, and workforce challenges affect long-term clinical competency and program sustainability.",Strengthen Workforce,221824.85,Emergency Medical Services;Local government,North Slope Borough,2026-08-21 00:00:00
BP1-IA-236,Implementation,Norton Sound Health Corporation,Population Health Based Care Model,"Norton Sound Health Corporation proposes ""Checkpoint for Health,"" a community health representative-led care navigation model designed to remove social, economic, and geographic barriers to clinical care for all residents across the 16 tribal communities of the Bering Strait region.",Health Care Access,398666.23,"Behavioral health/substance use disorder treatment;Clinic;Dental;Emergency Medical Services;Family medicine or primary care;Federally qualified health center;Home-and-community-based services provider;Hospital (all types);Maternal health;Non-Profit, Social Service, or Community Based Organization;Pharmacy;Specialist;Tribal Health Organization",Nome Census Area,2026-08-21 00:00:00
BP1-IA-239,Implementation,Norton Sound Health Corporation,Heart Disease Screening Technology,Norton Sound Health Corporation proposes establishing a regional cardiac diagnostic center by deploying adhesive extended-wear cardiac monitors and expanding itinerant cardiology and echocardiography services to address diagnostic delays and limited access to specialty care across the 16 communities of the Bering Strait region.,Spark Technology and Innovation,259551,"Clinic;Emergency Medical Services;Family medicine or primary care;Federally qualified health center;Hospital (all types);Non-Profit, Social Service, or Community Based Organization;Specialist;Tribal Health Organization",Nome Census Area,2026-08-21 00:00:00
BP1-INT-25,Implementation,"Office of Health Savings, Department of Health",Provider Gap Analysis,"The Office of Health Savings proposes to conduct a comprehensive, statewide Provider Gap Analysis to identify geographic, service-level, and population-based access gaps across Alaska’s health system. Activities will include provider mapping, provider-to-population and service mix analysis using Medicaid claims data, and targeted stakeholder engagement to validate findings and identify unmet needs. ",Health Care Access,694200,State agency,Statewide,2026-08-21 00:00:00
BP1-IA-244,Implementation,Ophthalmic Associates,MyEyesAI Hub-and-Spoke Tele-Ophthalmology for Rural Alaska.,"Ophthalmic Associates proposes to establish a hub-and-spoke teleophthalmology network using MyEyesAI to support standardized eye intake, image capture, specialist review, triage, and referral coordination, thereby addressing delayed access to ophthalmology and avoidable travel for rural, remote, and frontier Alaskans across participating clinics, optometry practices, and community health sites.",Health Care Access,3700000,Clinic;Other health care provider;Private practitioner;Specialist,Statewide,2026-08-21 00:00:00
BP1-IA-245,Implementation,Optical Aleutians,Construction of New Exam Room,"Optical Aleutians proposes the creation of a dedicated optical exam room to replace the
borrowed dentist office currently in use, as it poses multiple issues regarding ADA
compliance, sanitation, consistency of access, and ability to service needs of residents
with chronic issues. This will be built in Unalaska, which serves as a healthcare hub for
the rest of the western Aleutians.",Health Care Access,64787.11,Other health care provider;Specialist,Aleutians West Census Area,2026-08-21 00:00:00
BP1-IA-247,Implementation,Organized Village of Kake,Cultural Healing House: A Culturally-Centered Addiction Recovery Program for Southeast Alaska,"The Organized Village of Kake proposes establishing a Cultural Healing House that expands access to culturally grounded recovery and behavioral health services, addresses gaps in care for Alaska Native people and rural communities, strengthens community belonging, and increases local service capacity through peer support training across Southeast Alaska.",Health Care Access,738619,Behavioral health/substance use disorder treatment;Tribe,Haines Borough;Juneau (City and Borough);Ketchikan Gateway Borough;Petersburg Borough;Prince of Wales-Hyder Census Area;Sitka (City and Borough);Skagway (Municipality);Wrangell (City and Borough);Yakutat (City and Borough),2026-08-21 00:00:00
BP1-IA-254,Implementation,PeaceHealth Ketchikan Medical Center,Rural Surgical Transformation: Expanding Access and Modernizing Care,"PeaceHealth Ketchikan Medical Center proposes introducing the first robotic assisted minimally invasive surgeries in orthopedic, gastroenterology, urology, gynecology, and general surgery to Southern Southeast Alaska. This evidence-supported solution will expand local specialty capacity, reduce out-of-area referrals, and improve outcomes by overcoming longstanding access barriers.  By enabling high-quality procedures close to home, the project transforms healthcare in the region and works to reduce health disparities.",Health Care Access,6518028.8,Hospital (all types),Ketchikan Gateway Borough;Petersburg Borough;Prince of Wales-Hyder Census Area;Wrangell (City and Borough),2026-08-21 00:00:00
BP1-IA-253,Implementation,PeaceHealth Ketchikan Medical Center,"Improving Maternal, Fetal and Neonatal Safety with Advanced Monitoring and Teladoc","PeaceHealth Ketchikan Medical Center proposes expanding a technology enabled maternal, fetal and neonatal care system that integrates advanced fetal monitoring, centralized surveillance, and real-time neonatology consultation, strengthening diagnostic capabilities, intrapartum monitoring, and specialty access across Southern Southeast Alaska’s rural communities.",Healthy Beginnings,200767.66,Clinic;Family medicine or primary care;Hospital (all types);Maternal health,Ketchikan Gateway Borough;Petersburg Borough;Prince of Wales-Hyder Census Area;Wrangell (City and Borough),2026-08-21 00:00:00
BP1-IA-260,Implementation,Petersburg Medical Center,Petersburg Medical Center Telehealth Integration,"Petersburg Medical Center proposes to establish an integrated Telehealth Program, serving all departments of Petersburg Borough’s only hospital and primary care clinic, bridging critical gaps in access to specialty care for chronic disease screening and management for the remote communities in and around this Southeast Alaska Borough through in-depth partnership with telemedicine providers.",Spark Technology and Innovation,446453,Clinic;Emergency Medical Services;Family medicine or primary care;Home-and-community-based services provider;Hospital (all types),Petersburg Borough,2026-08-21 00:00:00
BP1-IA-258,Implementation,Petersburg Medical Center,Petersburg Medical Center Behavioral Health Department Launch,"Petersburg Medical Center proposes the launch of a full Behavioral Health Department, integrated within Petersburg Borough’s only hospital and primary care clinic to bridge critical gaps in access to in-person psychiatric and clinical behavioral health services for the remote communities in and around this Southeast Alaska Borough.",Health Care Access,437542,Behavioral health/substance use disorder treatment;Clinic;Emergency Medical Services;Family medicine or primary care;Home-and-community-based services provider;Hospital (all types),Petersburg Borough,2026-08-21 00:00:00
BP1-IA-265,Implementation,Providence Health & Services- Washington,Coordinating to Drive Redesign and Sustainability of Alaska's Graduate Medical Education Programs,"Providence Health & Services -Washington proposes to strengthen workforce capacity by stabilizing and enhancing the Alaska Family Medicine Residency Program. This project invests in recruitment, rural training, faculty development, and clinical training infrastructure to address Alaska’s shortage of primary care physicians and limited in-state residency capacity. This work supports a critical physician pipeline serving rural, frontier, and geographically dispersed communities across Alaska.",Strengthen Workforce,4559450.53,Family medicine or primary care,Statewide,2026-08-21 00:00:00
BP1-IA-269,Implementation,Providence Health & Services- Washington,Seward Social Services Hub: Advancing Health Through Coordinated Social Support Services,"Providence Seward Medical Center proposes to establish a coordinated social services hub in Seward, Alaska to address housing instability, food insecurity, unsafe living conditions, and limited access to behavioral health support services. The project will centralize emergency and transitional housing support, domestic violence response services, food access programs, care coordination, and community-based services for vulnerable residents in Seward and surrounding rural communities impacted by adverse social determinants of health.",Healthy Communities,381512.34,Hospital (all types),Kenai Peninsula Borough,2026-08-21 00:00:00
BP1-IA-281,Implementation,Resource Center for Parents and Children,"Pathways to Healing for Children, Parents, and Families","The Resource Center for Parents and Children proposes expanding behavioral health services for children, families, pregnant and postpartum parents, and caregivers through evidence-based trauma treatment, case management, and family support services. The project addresses significant gaps in access to behavioral health care, particularly for individuals impacted by child abuse, neglect, family violence, substance misuse, adverse childhood experiences, child-on-child problematic sexual behaviors, and child welfare involvement across rural and remote Interior Alaska and North Slope communities.",Healthy Beginnings,390334.08,"Behavioral health/substance use disorder treatment;Non-Profit, Social Service, or Community Based Organization",Denali Borough;Fairbanks North Star Borough;North Slope Borough;Southeast Fairbanks Census Area;Yukon-Koyukuk Census Area,2026-08-21 00:00:00
BP1-IA-286,Implementation,Seattle Children's Alaska Track Pediatric Residency,Pediatric Workforce Development in Alaska,"By investing in faculty development, resident and fellow physician training capacity, and statewide educational partnerships, the Pediatric Residency Alaska Track creates lasting improvements in Alaska’s pediatric workforce with a direct impact on access to care for communities throughout the state.",Strengthen Workforce,279270,Education organization (Not public university in Alaska),Anchorage (Municipality);Bethel Census Area;Fairbanks North Star Borough;Matanuska-Susitna Borough,2026-08-21 00:00:00
BP1-INT-01,Implementation,"Senior and Disability Services, Department of Health",Increase telehealth services for Individuals with Intellectual and/or Developmental Disabilities on HCBS waivers,The Division of Senior and Disabilities Services (SDS) proposes to provide access to telehealth services to more individuals receiving Home and Community Based Services (HCBS). This project will expand telehealth services through a contract with RingMD to address the unique health and behavioral needs of HCBS recipients across Alaska.,Health Care Access,850000,State agency,Statewide,2026-08-21 00:00:00
BP1-IA-290,Implementation,Seward Prevention Coalition,Healthy Beginnings Through Integrated Infant and Toddler Expansion in Partnership with Chugachmiut Early Head Start,"Seward Prevention Coalition proposes partnering with Chugachmiut Early Head Start to establish an Early Head Start classroom, expanding early learning and care for infants and toddlers and addressing the limited birth to three child care capacity, developmental screening access, and family support services available to families in Seward and surrounding rural communities on the Kenai Peninsula.",Healthy Beginnings,415000,"Non-Profit, Social Service, or Community Based Organization",Kenai Peninsula Borough,2026-08-21 00:00:00
BP1-IA-291,Implementation,Sitka Counseling and Prevention Services Inc.,Sitka Counseling Therapeutic Services Expansion and Renovation Project,"Sitka Counseling proposes to expand behavioral health service capacity by planning improvements to facilities, workforce development, and technology systems. The project addresses limited space, workforce shortages, and barriers to accessing outpatient, residential, and family services. Planning will focus on children and families in Sitka while developing partnerships for clinical training, consultation, and supervision to support service delivery in rural and underserved communities.",Health Care Access,256985.33,"Behavioral health/substance use disorder treatment;Non-Profit, Social Service, or Community Based Organization",Sitka (City and Borough),2026-08-21 00:00:00
BP1-IA-301,Implementation,Southcentral Foundation,Expansion of Specialty Pediatric Services,"Southcentral Foundation proposes to expand its Specialty Pediatric Clinic, a critical statewide access point that addresses gaps in specialized care for Alaska Native and American Indian children with complex medical and developmental needs across Alaska, including those from rural, remote, and frontier communities who must travel for care.",Healthy Beginnings,3635988,Tribal Health Organization,Statewide,2026-08-21 00:00:00
BP1-IA-308,Implementation,Southcentral Foundation,Yeshjesh T'uh Crisis Project,"Southcentral Foundation’s Yeshjesh T’uh Crisis Project proposes strengthening system capacity by providing new innovative services, connecting the gaps in fragmented systems, and increasing access to culturally competent mental health and substance use disorder services in Mental Health Professional Shortage Areas here in Alaska. The proposed Yeshjesh T’uh Crisis Project provides high-intensity behavioral health services, including crisis stabilization and crisis residential care, for individuals from rural and remote Alaska communities.",Health Care Access,5855095.29,Behavioral health/substance use disorder treatment;Emergency Medical Services;Tribal Health Organization,Statewide,2026-08-21 00:00:00
BP1-IA-306,Implementation,Southcentral Foundation,Traditional Healing Project,"Southcentral Foundation proposes to integrate traditional healing practices at its rural community health centers, standard clinical services, and the Alaska Native Medical Center (ANMC), by expanding the Traditional Healing practitioner base; creating an Alaska traditional healing network and exchange; and improving long-term sustainability. This project will have state-wide impact through ANMC services and addresses the need for traditional wellness practices, such as ceremony, ritual, emotional and spiritual support beyond its clinic at the Anchorage Native Primary Care Center.",Health Care Access,1443165,Tribal Health Organization,Statewide,2026-08-21 00:00:00
BP1-IA-299,Implementation,Southcentral Foundation,Chitina Community Health Clinic Expansion,"Southcentral Foundation proposes to expand resources at the Chitina Community Clinic (located along the Edgerton Highway, south of Glennallen but east of Tonsina and northwest of Wrangell-St. Elias National Park and Preserve), improving the use of space for customer-owners* and providers, purchasing a vehicle, and providing community outreach for permanent residents and visitors to increase encounters at the clinic and thereby improve the financial stability of the community health center.

*SCF term for individuals they serve, instead of patient",Health Care Access,281295.1,Clinic;Tribal Health Organization,Copper River Census Area ,2026-08-21 00:00:00
BP1-IA-310,Implementation,Southeast Alaska Regional Health Consortium,Mammo On the Go Southeast,"SEARHC proposes to establish a SEARHC-owned mobile mammography coach to bring breast cancer screening to women in Angoon, Kake, Hoonah, Gustavus, and Skagway expanding regionally after the year 1 project period. The project addresses the current lack of dedicated mobile mammography service and the travel barriers that make routine screening difficult for women in isolated Southeast Alaska communities.",Health Care Access,1350027,"Behavioral health/substance use disorder treatment;Clinic;Dental;Family medicine or primary care;Federally qualified health center;Health Information Exchange (HIE);Hospital (all types);Maternal health;Non-Profit, Social Service, or Community Based Organization;Pharmacy;Specialist;Tribal Health Organization",Haines Borough;Hoonah-Angoon Census Area;Juneau (City and Borough);Petersburg Borough;Prince of Wales-Hyder Census Area;Sitka (City and Borough);Skagway (Municipality);Wrangell (City and Borough),2026-08-21 00:00:00
BP1-IA-312,Implementation,Southeast Childhood Collective,Child Care Apprenticeship Program Expansion,"Southeast Childhood Collective proposes expanding its Child Care Apprenticeship Program to train more early childhood educators in Southeast Alaska communities where child care shortages affect health care and other essential workers. The project addresses the shortage of trained child care staff, which limits the availability of reliable care for working families.",Strengthen Workforce,231623,"Non-Profit, Social Service, or Community Based Organization",Haines Borough;Juneau (City and Borough);Ketchikan Gateway Borough;Sitka (City and Borough);Skagway (Municipality),2026-08-21 00:00:00
BP1-IA-313,Implementation,Southeast Childhood Collective,Develop Near Site Child Care for Bartlett Regional Hospital,"Southeast Childhood Collective (SCC) proposes developing dedicated child care capacity for Bartlett Regional Hospital (BRH) employees by supporting a licensed child care provider to add spaces prioritized for hospital staff. The project addresses limited access to reliable child care, a barrier to recruiting and retaining health care workers at BRH, which serves Juneau and communities across Southeast Alaska.",Strengthen Workforce,210115,"Non-Profit, Social Service, or Community Based Organization",Haines Borough;Juneau (City and Borough);Ketchikan Gateway Borough;Sitka (City and Borough);Skagway (Municipality),2026-08-21 00:00:00
BP1-IA-314,Implementation,Southeast Childhood Collective,Parents as Teachers 4th Trimester Initiative,"Southeast Childhood Collective proposes expanding Parents as Teachers home visiting for families from birth through 16 weeks postpartum (the 4th trimester) to address delayed access to early family support, geographic isolation, and limited postpartum mental health resources in Juneau, Petersburg, Ketchikan, Gustavus, Pelican, and Tenakee Springs.",Healthy Beginnings,154343.5,"Non-Profit, Social Service, or Community Based Organization",Haines Borough;Juneau (City and Borough);Ketchikan Gateway Borough;Sitka (City and Borough);Skagway (Municipality),2026-08-21 00:00:00
BP1-IA-320,Implementation,Statewide Independent Living Council,Community Partners Improving Home Accessibility,"Statewide Independent Living Council of Alaska proposes to install durable, ADA-compliant modular aluminum and composite ramps at the homes of Alaskans with disabilities and aging Alaskans statewide, replacing wood ramps that fail within three to five years in Alaska's climate, for rural, remote, and frontier communities where existing home modification programs leave residents waiting years for safe entry access.",Health Care Access,2125312.32,"Non-Profit, Social Service, or Community Based Organization",Statewide,2026-08-21 00:00:00
BP1-IA-319,Implementation,Statewide Independent Living Council,AI Assistive Technology Needs Assessment Tool,"The Statewide Independent Living Council of Alaska proposes to develop an artificial-intelligence assistive technology needs assessment tool that matches people to devices based on their functional needs, preferences, and home environment, connects users to additional resources including possible funding pathways, and addresses a shortage of qualified assessors that leaves rural Alaskans with disabilities, chronic conditions, and aging-related needs unable to obtain technology suited to their lives across rural, remote, and frontier communities statewide.",Spark Technology and Innovation,141702.7,"Non-Profit, Social Service, or Community Based Organization",Statewide,2026-08-21 00:00:00
BP1-IA-324,Implementation,Sunshine Community Health Center,Mat-Su Rural Teaching Health Center: Denali Family Medicine Residency Program Development,"Sunshine Community Health Center proposes to develop a community-based Family Medicine Residency Program, addressing Alaska’s critical shortage of rural primary care physicians by building a permanent, self-sustaining physician workforce pipeline in the Mat-Su Borough.",Strengthen Workforce,792431,"Clinic;Family medicine or primary care;Federally qualified health center;Non-Profit, Social Service, or Community Based Organization",Statewide,2026-08-21 00:00:00
BP1-IA-331,Implementation,Tanana Chiefs Conference,"Strong Traditions, Healthy Communities: Lifestyle & Preventive Medicine Initiative","Tanana Chiefs Conference proposes an integrated Lifestyle Medicine and Clinical Prevention model to strengthen prevention and improve early detection. The project addresses high burdens of chronic disease and cancer, low screening rates, and barriers to care across the TCC region. Built from within TCC in response to community-identified needs, the initiative redesigns preventive care delivery and expands access to lifestyle medicine grounded in locally tailored, community-driven approaches that reflect rural health priorities focused on prevention, wellness, and healthy communities.",Healthy Communities,1625408,Federally qualified health center;Tribal Health Organization,Denali Borough;Fairbanks North Star Borough;North Slope Borough;Southeast Fairbanks Census Area;Yukon-Koyukuk Census Area,2026-08-21 00:00:00
BP1-IA-329,Implementation,Tanana Chiefs Conference,Healthy Beginnings: Comprehensive Prenatal & Postpartum Care for Alaska Native Families,"Tanana Chiefs Conference proposes implementing the Healthy Beginnings program to provide prenatal education, doula labor support, lactation services, parenting education, home visits, and coordinated maternal-infant care that address gaps in pregnancy, birth, and postpartum support for Alaska Native families, including those from remote villages, across 32 rural Interior Alaska communities.",Healthy Beginnings,927247,Federally qualified health center;Tribal Health Organization,Denali Borough;Fairbanks North Star Borough;North Slope Borough;Southeast Fairbanks Census Area;Yukon-Koyukuk Census Area,2026-08-21 00:00:00
BP1-IA-339,Implementation,The Greater Fairbanks Community Hospital Foundation,"Team-Based, Value-Driven Primary Care Transformation in Interior Alaska","Foundation Health Partners proposes to transform the primary care system in Interior Alaska from an overburdened physician-centric fragmented, and reactive model to a patient-centered, coordinated, team based, technology enabled system that delivers timely, preventive, and continuous care for rural and frontier residents. The project will develop the clinic, IT, data and workforce infrastructure, and core competencies necessary for long-term participation in value-based care arrangements.",Pay for Value,16009453.33,Family medicine or primary care;Hospital (all types),Denali Borough;Fairbanks North Star Borough;Southeast Fairbanks Census Area;Yukon-Koyukuk Census Area,2026-08-21 00:00:00
BP1-IA-355,Implementation,Yukon-Koyukuk School District,Pathways for Alaska's Technical Healthcare Careers ,"Yukon Koyukuk School District proposes implementing dual healthcare career pathways in Certified Nurse Aide training and remote patient monitoring support to address healthcare workforce shortages, limited local care capacity, and growing telehealth needs in rural Alaska. The project serves high school students and healthcare partners across Yukon Koyukuk School District, YKSD partner school districts and communities, strengthening access to healthcare training and technology-enabled care support.",Strengthen Workforce,525450,Education organization (Not public university in Alaska),Copper River Census Area;Denali Borough;Fairbanks North Star Borough;Yukon-Koyukuk Census Area,2026-08-21 00:00:00
BP1-IA-039,Implementation,Alaska Primary Care Association,Community Health Led Medicaid Value Initiative,"The Community Health Led Value Initiative will transform community health centers into a strong primary care–led value platform for Alaska Medicaid. By combining team-based care, coordinated outreach, expanded access, and shared data infrastructure, the initiative will reduce avoidable utilization, improve chronic disease outcomes, and create an accountable, sustainable model of care for Medicaid patients throughout Alaska.",Pay for Value,862939,Association,Anchorage (Municipality);Denali Borough;Kenai Peninsula Borough;Kodiak Island Borough;Matanuska-Susitna Borough,2026-08-14 00:00:00
BP1-IA-087,Implementation,Chugachmiut,Expanding Rural Access to Comprehensive Behavioral Health Services,"Chugachmiut proposes the development and implementation of a comprehensive program for the Chugach region and State of Alaska that provides psychological and neurological assessments, autism services, fetal alcohol spectrum disorder assessments, peri natal services, therapy services, and case management support, thereby expanding and localizing access to specialized behavioral health services for rural communities by providing telehealth and in-person clinical services, allowing families to receive timely evaluations, treatment planning, and follow-up care locally.",Health Care Access,2016025,Behavioral health/substance use disorder treatment;Tribal Health Organization,Chugach Census Area;Kenai Peninsula Borough,2026-08-14 00:00:00
BP1-IA-091,Implementation,Chugachmiut,Strengthening Rural Alaska Dental Access Through In-Clinic Digital Dentistry,"Chugachmiut proposes to expand restorative dental services by implementing digital dental scanning and in-clinic 3D printing technology across four clinics in the Chugach Region, addressing treatment delays, laboratory dependence, and travel barriers that limit timely access to custom dental appliances for residents of rural and remote Alaska communities.",Health Care Access,259820.8,Dental;Tribal Health Organization,Chugach Census Area;Kenai Peninsula Borough,2026-08-14 00:00:00
BP1-IA-092,Implementation,Chugachmiut,Strengthening Rural Dental Care with Advanced 3D Imaging,"Chugachmiut proposes to implement advanced 3D dental imaging services at the Chugachmiut Regional Health Center in Seward to address limited access to diagnostic imaging for rural residents of the Chugach Region. Patients currently travel outside the region for cone beam computed tomography (CBCT) imaging needed for complex dental diagnosis and treatment planning. The project will expand local access to specialty dental diagnostics for rural, remote, and frontier Alaska communities.",Health Care Access,67290.33,Dental;Tribal Health Organization,Chugach Census Area;Kenai Peninsula Borough,2026-08-14 00:00:00
BP1-IA-160,Implementation,Interior AIDS Association,Hepatitis C Confirmation Test Machine,"The Interior AIDS Association proposes to purchase a medical testing device that will provide a confirmed Hepatitis C diagnosis. The problem that this machine solves is that Hepatitis C positive test confirmations are expensive and hard to access in the Fairbanks North Star Borough, especially for people we serve who have active SUD and who may not have a primary care provider or insurance.",Health Care Access,42627,"Behavioral health/substance use disorder treatment;Non-Profit, Social Service, or Community Based Organization",Fairbanks North Star Borough,2026-08-14 00:00:00
BP1-IA-163,Implementation,Interior Community Health Center,Increase access to low-cost medications for Interior Community Health Center patients who are living in poverty.,"Interior Community Health Center (ICHC), a Federally Qualified Health Center (FQHC), located in Fairbanks, within the Fairbanks North Star Borough (FNSB), a hub to the surrounding Denali Borough, Southeast Fairbanks Census Area and Yukon-Koyukuk Census Area. In 2025, ICHC saw 2,361 people living at or below 200% of poverty, with a significant number unable to fill their prescriptions due to the cost. ICHC proposes to address this barrier by expanding its 340B Drug Pricing Program to give patients access to discounted medications.",Health Care Access,128987,"Behavioral health/substance use disorder treatment;Clinic;Dental;Family medicine or primary care;Federally qualified health center;Non-Profit, Social Service, or Community Based Organization",Denali Borough;Fairbanks North Star Borough,2026-08-14 00:00:00
BP1-IA-179,Implementation,Ketchikan Wellness Coalition,Malasakit Matters: Filipino Healthy Community Project,"Ketchikan Wellness Coalition proposes to add two Community Health Workers, activate 30 youth (age 15 to 19 years) as health advocates, and create an archive to inform approaches to Filipino health and access. Many rural Filipino households are shaped by ""pakikisama"", a cultural value that uses silence to show respect at the expense of self-advocacy.  Youth, using storytelling as a vehicle, break through the silence to increase trust while building the archive of community health knowledge. The project will reach 500 elder residents of Ketchikan Gateway Borough and Prince of Wales annually.",Healthy Communities,350000,"Education organization (Not public university in Alaska);Home-and-community-based services provider;Non-Profit, Social Service, or Community Based Organization",Ketchikan Gateway Borough;Prince of Wales-Hyder Census Area,2026-08-14 00:00:00
BP1-IA-194,Implementation,Maniilaq Association,Maniilaq Association Behavioral Health AI Clinical Documentation,"Maniilaq Association Behavioral Health AI Clinical Documentation project proposes the adoption of an AI-enabled integrated behavioral technology platform that will reduce administrative documentation burdens and improve services and efficiency of their provision for the people in the Maniilaq Service Area, a remote roadless area in northwest Alaska. Most notably, the documentation burden has been cited as a driver of therapist turnover.",Spark Technology and Innovation,430000,"Behavioral health/substance use disorder treatment;Clinic;Federally qualified health center;Home-and-community-based services provider;Hospital (all types);Non-Profit, Social Service, or Community Based Organization;Tribal Health Organization",North Slope Borough;Northwest Arctic Borough,2026-08-14 00:00:00
BP1-IA-197,Implementation,Maniilaq Association,Maniilaq Association Modernizing of Health IT Infrastructure,"Maniilaq Association proposes modernizing its IT infrastructure to provide upgraded computing power and high-quality data transmission for remote and roadless Northwest Arctic Alaska. High-speed networking switches and upgraded compute platforms (servers) will support Maniilaq Health Center EHR systems and telemedicine. For the Maniilaq service region, it is essential to connect patients to providers without the need for costly air travel. These upgrades improve participation in health information exchanges, allow for adoption of new technologies, and support advanced cybersecurity.",Spark Technology and Innovation,1151900,"Behavioral health/substance use disorder treatment;Clinic;Dental;Emergency Medical Services;Federally qualified health center;Home-and-community-based services provider;Hospital (all types);Non-Profit, Social Service, or Community Based Organization;Pharmacy;Tribal Health Organization",North Slope Borough;Northwest Arctic Borough,2026-08-14 00:00:00
BP1-IA-201,Implementation,"Mat-Su Health Services, Inc.",Mat-Su Health Services Rural Health Transformation Project Phase I,"Mat-Su Health Services proposes modernizing health care technology infrastructure, expanding telehealth services, implementing remote vision care, and building workforce capacity, addressing geographic barriers, workforce shortages, and limited access to specialty services for residents of the Matanuska-Susitna Valley and rural Alaska.",Spark Technology and Innovation,967641.74,"Behavioral health/substance use disorder treatment;Clinic;Dental;Family medicine or primary care;Federally qualified health center;Non-Profit, Social Service, or Community Based Organization;Specialist",Matanuska-Susitna Borough,2026-08-14 00:00:00
BP1-IA-234,Implementation,Norton Sound Health Corporation,New Computers/Servers for Norton Sound Health Corporation,"Norton Sound Health Corporation proposes installing modern core data storage, high-speed routing networks, and clinical workstations to replace end-of-life IT infrastructure that threatens system reliability and patient data security across fifteen remote village clinics and the regional hub of Nome.",Spark Technology and Innovation,4978914,"Behavioral health/substance use disorder treatment;Clinic;Dental;Emergency Medical Services;Family medicine or primary care;Federally qualified health center;Home-and-community-based services provider;Hospital (all types);Maternal health;Non-Profit, Social Service, or Community Based Organization;Pharmacy;Specialist;Tribal Health Organization",Nome Census Area,2026-08-14 00:00:00
BP1-IA-235,Implementation,Norton Sound Health Corporation,Behavioral Health Integration and Care,"Norton Sound Health Corporation proposes integrating behavioral health services into primary care settings by hiring specialized clinicians and implementing universal screening protocols. This addresses the fragmented delivery system and long wait times for mental health services, ensuring residents of the Norton Sound region receive immediate, coordinated access to both behavioral and physical health care.",Health Care Access,364764.4,"Behavioral health/substance use disorder treatment;Clinic;Education organization (Not public university in Alaska);Family medicine or primary care;Federally qualified health center;Home-and-community-based services provider;Hospital (all types);Maternal health;Non-Profit, Social Service, or Community Based Organization;Organizations providing health technology solutions;Tribal Health Organization",Nome Census Area,2026-08-14 00:00:00
BP1-IA-264,Implementation,Providence Health & Services- Washington,Advanced Prenatal Access - Implementing a Hybrid Obstetric Access Model in Seward and Anchorage,"Providence Health & Services – Washington proposes to establish a maternal telehealth and pregnancy monitoring program for Seward and surrounding communities. In conjunction with Providence Seward Medical Center and Providence Alaska Medical Center, the project will expand access to pregnancy care through telehealth consultations, fetal monitoring, ultrasound services, and care coordination for pregnant individuals who currently face significant travel, weather, and geographic barriers to obtaining obstetric and specialty care.",Healthy Beginnings,1086793.17,Family medicine or primary care;Hospital (all types);Maternal health,Kenai Peninsula Borough,2026-08-14 00:00:00
BP1-IA-266,Implementation,Providence Health & Services- Washington,Dual-Eligible Value-Based Care (VBC) Model Design and Readiness Initiative,"Providence Health & Services – Washington proposes to design a provider-led, statewide value-based care framework for Alaska’s dual-eligible population. The project addresses fragmented Medicare-Medicaid financing, rising costs, avoidable utilization, and care coordination barriers affecting rural Alaskans with complex needs. The analytic, payment-design, and implementation roadmap will be built to support future voluntary alternative payment models and integrated care arrangements.",Pay for Value,871718.47,Behavioral health/substance use disorder treatment;Clinic;Emergency Medical Services;Family medicine or primary care;Hospital (all types);Maternal health;Pharmacy,Statewide,2026-08-14 00:00:00
BP1-IA-277,Implementation,Railbelt Mental Health & Addictions,Technology Upgrades,"Railbelt Mental Health and Addictions proposes modernizing and expanding telehealth, technology, and data infrastructure to address outdated systems that limit service delivery, workforce efficiency, and access to care for rural residents across Nenana and the Denali Borough service area, spanning approximately 150 road miles along the Parks Highway.",Spark Technology and Innovation,51992.33,Behavioral health/substance use disorder treatment,Denali Borough;Yukon-Koyukuk Census Area,2026-08-14 00:00:00
BP1-IA-297,Implementation,South Peninsula Hospital,Modernize and Automate Medication Dispensing for Safety and Efficiency,"South Peninsula Hospital proposes to launch a project to implement an automated medication dispensing system fully integrated with its Epic EHR in the SPH Pharmacy, which serves the 17,000 rural residents of the southern Kenai Peninsula. Currently, SPH relies heavily on manual processes and dated systems, which limit the scalability as SPH seeks to expand specialty services (such as infusion) to meet growing needs. AMDS will improve medication safety, streamline pharmacy workflows, reduce drug errors and waste, and position SPH to increase healthcare access and quality in our rural region.",Spark Technology and Innovation,220481,Hospital (all types),Kenai Peninsula Borough,2026-08-14 00:00:00
BP1-IA-305,Implementation,Southcentral Foundation,Rural Pharmacy Upgrade,"Southcentral Foundation (SCF) proposes to improve pharmacy facilities and replace outdated secure, pharmacy-monitored, medicine-dispensing units (called “PickPoints”) in 14 rural clinics from Chitina to St. Paul, bringing SCF’s telepharmacies into functional alignment with security, software, and environmental needs, and making any minor modification necessary to ensure security, safety, and connectivity.",Health Care Access,1547223,"Clinic;Federally qualified health center;Non-Profit, Social Service, or Community Based Organization;Pharmacy;Tribal Health Organization",Aleutians West Census Area;Anchorage (Municipality);Copper River Census Area that;Kenai Peninsula Borough;Lake and Peninsula Borough;Matanuska-Susitna Borough;Yukon-Koyukuk Census Area,2026-08-14 00:00:00
BP1-IA-318,Implementation,Special Olympics Alaska Inc,Inclusive Healthcare for Individuals with Intellectual Disabilities - Phase 1,"Special Olympics Alaska proposes to expand health screenings, train community health workers, and provide in-state neurological screening events to address limited preventive and specialty care for people with intellectual and developmental disabilities in rural and remote Alaska.",Healthy Communities,331115.61,"Non-Profit, Social Service, or Community Based Organization",Statewide,2026-08-14 00:00:00
BP1-IA-332,Implementation,Tanana Chiefs Conference,Village and Home Based Culturally Grounded End of Life Care,"Tanana Chiefs Conference (TCC) proposes to strengthen access, quality and sustainability of palliative and end-of-life care to address the lack of local support identified in a 2024 TCC Annual Convention Resolution. This will enable seriously ill Elders in the Yukon Koyukuk, Yukon Tanana, Yukon Flats, and Upper Tanana subregions to remain in their home villages with trained caregivers, coordinated care teams, and palliative care services aligned with their goals.",Health Care Access,608672,Federally qualified health center;Tribal Health Organization,Denali Borough;Fairbanks North Star Borough;Nome Census Area;Southeast Fairbanks Census Area;Yukon-Koyukuk Census Area,2026-08-14 00:00:00
BP1-IA-351,Implementation,Whale Tail Pharmacy,Bridging Gaps and Expanding Access Through Community Pharmacy-Based Care for Remote Patients,"Whale Tail Pharmacy proposes to establish eight community pharmacy-based health programs — including remote chronic disease monitoring, point-of-care testing, medication packaging, and transition of care support — to address the numerous healthcare needs and gaps in care on Prince of Wales Island, a roadless island in Southeast Alaska serving approximately 5,000 residents across 12 communities with no hospital, no home health nor long-term care, and limited physician access.",Health Care Access,341274,Pharmacy,Prince of Wales-Hyder Census Area,2026-08-14 00:00:00
BP1-IA-352,Implementation,White's Incorporated,After Hours Access to Pharmaceuticals,White's Inc proposes to purchase and install a Pharmaself24 medication cabinet at 106 Lincoln Street in Sitka to improve access to medication therapy for those unable to reach the pharmacy during normal operating hours. This will help to serve the population of Sitka and the surrounding local islands.,Health Care Access,18980,Pharmacy,Sitka (City and Borough),2026-08-14 00:00:00
BP1-INT-07,Implementation,"Alaska Psychiatric Institute, Department of Family & Community Services",Alaska Psychiatric Institute Electronic Medical Record (EMR) Improvements,"Alaska Psychiatric Insitute (API) proposes to upgrade its EMR which will strengthen secure exchange of health information with partner providers and improve continuity of care for individuals receiving services at API, including those returning to rural and underserved communities throughout Alaska. ",Spark Technology and Innovation,300000,State Agency,Statewide,2026-08-14 00:00:00
BP1-INT-09,Implementation,"Division of Juvenile Justice, Department of Family & Community Services",Division of Juvenile Justice (DJJ) Electronic Health Record ,"The Division of Juvenile Justice (DJJ) prooses to upgrade to a cloud based EHR that will improve quality, continuity, and coordination of healthcare services for justice-involved youth by providing secure, real-time access to critical medical and behavioral health information as well as sharing information.  ",Spark Technology and Innovation,180000,State Agency,Statewide,2026-08-14 00:00:00
BP1-INT-10,Implementation,"Office of Children's Services, Department of Family & Community Services",Alaska Comprehensive Child Welfare Information System (CCWIS) Project,"The Office of Children's Services proposes to modernize the Comprehensive Child Welfare Information System (CCWIS) . CCWIS modernization is especially consequential for Alaska’s rural and remote communities, where families are served across vast distances, limited connectivity, and a dispersed network of providers, regional hubs, and tribal partners.  This investment is designed to provide lasting value beyond the initial RHTP performance period by advancing a modular CCWIS that integrates with existing State of Alaska systems and is built to federal design and interoperability standards. ",Spark Technology and Innovation,2985000,State Agency,Statewide,2026-08-14 00:00:00
BP1-INT-11,Implementation,Department of Corrections,Strengthening Alaska’s Correctional Health System Through Virtual Care,"The Department of Corrections (DOC) proposes to implement telemedicine and teledental equipment across correctional facilities. This expansion connects incarcerated Alaskans with healthcare providers in their home communities and across the state, improving continuity of care both during incarceration and after release. Many individuals enter custody with untreated chronic medical and mental health conditions; by introducing them to telehealth services and establishing relationships with community-based providers, DOC supports smoother transitions to care upon reentry. ",Health Care Access,3882015.88,State Agency,Statewide,2026-08-14 00:00:00
BP1-INT-13,Implementation,"Office of Children's Services, Department of Family & Community Services",Alaska Child Welfare Referral Process Improvement Project,"The Office of Children's Services (OCS) proposes  investing in a bridge solution that works with Alaska's existing systems and the health information exchange to close gaps now, while remaining compatible with the future Comprehensive Child Welfare Information System (CCWIS). ",Health Care Access,2000000,State Agency,Statewide,2026-08-14 00:00:00
BP1-INT-16,Implementation,Department of Corrections,Engaging in the Health Information System to Improve Care Coordination for Rural Alaskans ,"The Department of Corrections (DOC) proposes to integrate its electronic medical records with Alaska’s Health Information Exchange and Prescription Drug Monitoring Program to strengthen care transitions as individuals move between DOC and rural community providers. This will address gaps in care coordination, incomplete medical histories, and limited visibility into controlled substance use for incarcerated Alaskans across remote communities. These gaps disproportionately impact rural Alaskans, who rely heavily on continuity of care across Tribal, regional, and local health systems. ",Healthy Communities,242000,State Agency,Statewide,2026-08-14 00:00:00
BP1-INT-21,Implementation,University of Alaska Anchorage,Alaska Graduate Medical Education (AKGME) Council:  Building Alaska's Rural Physician Workforce Infrastructure,"The University of Alaska Anchorage, College of Health, Area Health Education Centers (AHEC) proposes establishing the Alaska Graduate Medical Education Council to coordinate physician residency training, support healthcare organizations in developing training programs, strengthen faculty and preceptor capacity, and assess physician workforce needs, addressing Alaska's shortage of residency training opportunities and physicians across rural, remote, frontier, and underserved communities statewide.",Strengthen Workforce,487022,University,Statewide,2026-08-14 00:00:00
BP1-INT-22,Implementation,Department of Education and Early Development,Alaska Presidential Physical Fitness Testing (APPFT),The Alaska Department of Education & Early Development (DEED) proposes providing funding to Alaska School Districts to implement the Presidential Physical Fitness test. ,Healthy Beginnings,1150000,State Agency,Statewide,2026-08-14 00:00:00
BP1-INT-23,Implementation,University of Alaska Fairbanks - Community and Technical College,Alaska Immersive Training Project,"The University of Alaska Fairbanks Community and Technical College proposes to expand healthcare workforce training by deploying mobile and fixed immersive simulation systems serving rural Alaska. The project addresses limited access to clinical training caused by geographic isolation, low patient volumes, and shortages of specialty training opportunities. Immersive learning environments will provide realistic patient care scenarios and hands-on skills practice for emergency medical personnel, nurses, community health aides, and other healthcare workers in rural communities throughout Alaska.",Strengthen Workforce,987204.7,University,Statewide,2026-08-14 00:00:00
BP1-PL-001,Planning,Alaska Eating Disorders Alliance,Eating Disorders Workforce Development and Interdisciplinary Training Infrastructure Initiative,"Alaska Eating Disorders Alliance (AKEDA) proposes a 12-month planning and early implementation phase to develop a statewide interdisciplinary workforce training infrastructure for eating disorder identification and treatment, in partnership with UAA College of Health. Activities include a mixed-methods workforce needs assessment, identification of continuing education opportunities, establishment of an interdisciplinary advisory structure, and exploration of a graduate-level training pathway. The initiative addresses a critical statewide gap: Alaska has no dedicated eating disorder care and no coordinated training pathways for an estimated 65,000 Alaskans living with eating disorders.",Strengthen Workforce,317111,"Non-Profit, Social Service, or Community Based Organization",Statewide,2026-08-14 00:00:00
BP1-PL-002,Planning,Alaska Hospital & Healthcare Association,Development of an Alaska Nursing Workforce Center,"AHHA proposes to incubate the Alaska Nursing Workforce Center, which would serve as Alaska's first dedicated hub for nursing workforce data, research, and strategic planning—addressing a gap as one of only four states without such a center. Year 1 activities focus on finalizing a three-year strategic plan, strengthening governance and operational infrastructure, and beginning statewide nursing workforce data collection. The long-term goal is for the Center to transition to an independent 501(c)(3) organization that informs statewide recruitment, retention, and nursing education policy.",Strengthen Workforce,249958.4,Association,Anchorage (Municipality);Bethel Census Area;Bristol Bay Borough;Chugach Census Area;Dillingham Census Area;Fairbanks North Star Borough;Hoonah-Angoon Census Area;Juneau (City and Borough);Kenai Peninsula Borough;Ketchikan Gateway Borough;Kodiak Island Borough;Matanuska-Susitna Borough;Nome Census Area;North Slope Borough;Northwest Arctic Borough;Petersburg Borough;Sitka (City and Borough);Wrangell (City and Borough);Yukon-Koyukuk Census Area,2026-08-14 00:00:00
BP1-PL-013,Planning,City of Aleknagik,Aleknagik Rural Health Access Strategic Plan,"The City of Aleknagik proposes a 12-month strategic planning effort to address healthcare access barriers for this remote community of approximately 200 residents on the shores of Lake Aleknagik in Southwest Alaska. The plan addresses three areas: a sustainable rural workforce strategy including recruitment pathways and clinician housing options, an operational review and capital improvement plan for the municipally owned clinic, and transportation and connectivity improvements to strengthen access to higher levels of care. Deliverables include a costed, 5-year phased implementation roadmap adopted by City resolution.",Health Care Access,110500,Local Government,Dillingham Census Area,2026-08-14 00:00:00
BP1-PL-014,Planning,Denali Insight LLC,Nenana Community Health & Wellness Strategic Planning Initiative,"Denali Insight Consulting proposes a community health and wellness needs assessment and strategic planning initiative for Nenana, a rural Interior Alaska community of approximately 350 residents that serves as a regional service hub but lacks a formal health committee or shared strategic framework. The project will conduct community surveys, stakeholder interviews, and facilitated engagement to identify service gaps and priorities, followed by formation of a cross-sector Community Health & Wellness Steering Committee with defined roles and measurable outcomes. Deliverables include a final assessment report and a strategic direction document to guide coordinated health investments in Nenana and surrounding communities.",Healthy Communities,43000,Vendor Partnering with an Alaska Organization,Yukon-Koyukuk Census Area,2026-08-14 00:00:00
BP1-PL-023,Planning,Petersburg Medical Center,Petersburg Medical Center Maternal Health & Early Childhood Planning Project,"Petersburg Medical Center, an independent non-profit Critical Access Hospital serving remote Southeast Alaska communities accessible only by boat or plane, proposes to launch lactation consultant services—filling a complete gap in the service area—and engage Community Wellness leadership in planning for future expansion of maternal and early childhood community-based supports. The project will integrate lactation services into the primary care clinic and Cerner EMR, train additional staff to lactation consultant certification, and assess the viability of further service expansion such as home visiting. This work addresses documented postpartum care gaps for a population that must leave the community to give birth.",Healthy Beginnings,159947,"Hospital (all types);Non-Profit, Social Service, or Community Based Organization",Petersburg Borough,2026-08-14 00:00:00
BP1-PL-025,Planning,Railbelt Mental Health & Addictions,Building Capacity for Certified Community Behavioral Health Clinic (CCBHC) Status,"Railbelt Mental Health & Addictions proposes a planning and readiness phase toward achieving Certified Community Behavioral Health Clinic (CCBHC) designation in a frontier region spanning 180 road miles of the Parks Highway, serving communities of 100–800 residents approximately 50–150 miles from Fairbanks and Wasilla. Planning activities include conducting a needs assessment, determining CCBHC certification requirements, engaging stakeholders, and building the administrative and operational infrastructure necessary for a full CCBHC application. CCBHC designation would enable same-day assessments, 24/7 crisis services, and comprehensive behavioral health care regardless of ability to pay.",Health Care Access,82691.88,"Behavioral health/substance use disorder treatment;Clinic; Non-Profit, Social Service, or Community Based Organization",Denali Borough;Yukon-Koyukuk Census Area,2026-08-14 00:00:00
BP1-PL-026,Planning,Tanana Chiefs Conference,Pharmaceutical and Medical Supplies Drone Transportation System For Interior Alaska Villages,"Tanana Chiefs Conference proposes a concept formation and planning year to develop the regulatory, technical, and community engagement framework for a drone-based pharmaceutical delivery system connecting TCC's Fairbanks hub to 42 Interior Alaska villages across 94,000 square miles, where medication delivery delays of 5–14 days are common during winter. The project will partner with UAF's Alaska Center for Unmanned Aircraft Systems Integration (ACUASI) to address FAA BVLOS waiver requirements, chain-of-custody and DEA compliance, temperature maintenance, and tribal community readiness. Year 1 deliverables include a regulatory roadmap, safety and compliance framework, initial short-distance flight testing, and a 5-year phased implementation timeline.",Spark Technology and Innovation,250000,"Non-Profit, Social Service, or Community Based Organization;Tribe and/or Tribal Health Organization",Denali Borough;Fairbanks North Star Borough;North Slope Borough;Southeast Fairbanks Census Area;Yukon-Koyukuk Census Area,2026-08-14 00:00:00
BP1-IA-006,Implementation,Alaska Behavioral Health,Alaska Seeds of Change Model Expansion for Behavioral Health Engagement,"Alaska Behavioral Health proposes expanding the Alaska Seeds of Change model to increase behavioral health engagement and reduce treatment dropout among Alaskans with mental health challenges and serious mental illness by creating therapeutic group, activity, and skill-building experiences in a structured hydroponic growing space in Anchorage, serving clients of all ages, including those transitioning to and from rural communities.",Health Care Access,593100,"Behavioral health/substance use disorder treatment;Non-Profit, Social Service, or Community Based Organization",Anchorage (Municipality),2026-08-07 00:00:00
BP1-IA-022,Implementation,Alaska Hospital & Healthcare Association,Find Your Fit,"The Alaska Hospital & Healthcare Association (AHHA) requests funding to expand and enhance “Find Your Fit”, a comprehensive career platform and targeted recruitment campaign. Developed in partnership with Alaska’s 24 hospitals, 20 skilled nursing facilities, and tribal health system, this coordinated statewide initiative builds a robust ""grow our own"" pipeline to address critical shortages by connecting high schoolers, adult learners, and direct care professionals to certification pathways and rural training opportunities, career pathways, and employment opportunities.",Strengthen Workforce,236031,Association,Statewide,2026-08-07 00:00:00
BP1-IA-025,Implementation,Alaska Impact Alliance,907 Navigation App Expansion Project,"The Alaska Impact Alliance will expand the 907 Navigation platform to connect residents with health care, social services, public benefits, local resources, and timely community information, addressing gaps in service navigation, referral coordination, and access to reliable information for rural, remote, and frontier communities across Alaska.",Healthy Communities,178579,"Non-Profit, Social Service, or Community Based Organization",Statewide,2026-08-07 00:00:00
BP1-IA-040,Implementation,Alaska Primary Care Association,Rural FQHC Transformation for Alaska Medicare Beneficiaries,"The Alaska Primary Care Association, on behalf of Resolute Health Alliance of Alaska LLC, proposes to implement a Medicare Shared Savings Program value-based care model across four Federally Qualified Health Centers serving rural and underserved Alaskans. This project builds on initial work started in January 2026, and accelerates the transition from volume-based to value-based care by building the clinical workflows, workforce capacity, and population health data systems needed to improve care quality and long-term financial sustainability for rural Alaska's Medicare beneficiaries.",Pay for Value,650190,Association,Anchorage (Municipality);Kodiak Island Borough;Matanuska-Susitna Borough,2026-08-07 00:00:00
BP1-IA-076,Implementation,Camai CHC,Bristol Bay Regional Specialty Care Hub Transformation Project,"Camai Community Health Center proposes designing a regional specialty care hub to expand local access to visiting specialists, tele-optometry, behavioral health, and victim support services that rural residents of Bristol Bay Borough currently travel great distances to reach or cannot access at all.",Health Care Access,250000,Federally qualified health center,Bristol Bay Borough,2026-08-07 00:00:00
BP1-IA-078,Implementation,Cancer Connection,Southeast Alaska Cancer Care Support Network,"Cancer Connection will create a Southeast Alaska Cancer Support Network, uniting nonprofit organizations serving rural communities across the region. Network participants will increase knowledge of each organization’s programs, develop strategies to improve patient and provider awareness, and establish a framework to strengthen referrals and access to services. By linking independent programs through shared information, joint initiatives, and healthcare partnerships, the Network will expand access to cancer prevention, treatment, and survivorship support for patients and families.",Healthy Communities,109500,"Non-Profit, Social Service, or Community Based Organization",Haines Borough;Hoonah-Angoon Census Area;Juneau (City and Borough);Ketchikan Gateway Borough;Petersburg Borough;Prince of Wales-Hyder Census Area;Sitka (City and Borough);Skagway (Municipality);Wrangell (City and Borough),2026-08-07 00:00:00
BP1-IA-088,Implementation,Chugachmuit,Expanding Rural Access to Diagnostic Imaging Through Digital X-Ray Technology,"Chugachmiut proposes expanding access to diagnostic imaging by implementing portable digital X-ray services at five rural clinics across the Chugach Region. The project addresses limited local access to diagnostic imaging in geographically isolated communities, where patients currently must travel long distances for basic imaging studies, resulting in delays in diagnosis and treatment.",Health Care Access,627180,Tribal Health Organization,Chugach Census Area;Kenai Peninsula Borough,2026-08-07 00:00:00
BP1-IA-105,Implementation,Community Connections,EHR Optimization and Scheduling/Service Coordination System Improvements,"Community Connections proposes to optimize its electronic health record and implement a scheduling system to improve access to behavioral health services for youth and families in Ketchikan and the seven remote communities on Prince of Wales Island, addressing administrative burden, fragmented coordination, and technology gaps that limit timely care in rural, geographically isolated communities.",Spark Technology and Innovation,74263,"Behavioral health/substance use disorder treatment;Non-Profit, Social Service, or Community Based Organization",Ketchikan Gateway Borough;Prince of Wales-Hyder Census Area,2026-08-07 00:00:00
BP1-IA-121,Implementation,Denali Borough,Denali Borough Rural Health Care Transformation Project Coordinator,"Denali Borough proposes establishing a Rural Health Project Coordinator position to strengthen regional health care partnerships, coordinate public health initiatives, advance rural health infrastructure projects, and support health workforce development, addressing persistent gaps in health care access, service coordination, and system capacity across the Denali Borough.",Health Care Access,107985,Local government,Denali Borough,2026-08-07 00:00:00
BP1-IA-146,Implementation,Girdwood Health Clinic Inc,Fresh Start Clinical Integration: Connecting Prevention with Rural Chronic Disease Monitoring,"Turnagain Community Health proposes to strengthen coordination between Fresh Start public health prevention resources and primary care-based chronic disease management through nursing support, self-measured blood pressure monitoring, treatment adherence support, and Community Health Worker involvement, addressing gaps in prevention, early intervention, follow-up, and patient self-management for adults with hypertension, diabetes, and cardiovascular risk factors across the Turnagain Arm communities.",Healthy Communities,100000,"Behavioral health/substance use disorder treatment;Clinic;Family medicine or primary care;Federally qualified health center;Non-Profit, Social Service, or Community Based Organization",Anchorage (Municipality);Chugach Census Area;Kenai Peninsula Borough,2026-08-07 00:00:00
BP1-IA-147,Implementation,Girdwood Health Clinic Inc,Integrated Community Health Worker Navigation: Bridging Health Care & Community in Rural Alaska,"Turnagain Community Health proposes to expand integrated community health worker navigation for rural residents of Girdwood, Hope, Whittier, Bird Creek, Indian, and surrounding Turnagain Arm communities, addressing transportation barriers, health-related social needs, public benefit navigation, chronic disease support, behavioral health engagement, and gaps in care coordination.",Health Care Access,100000,"Behavioral health/substance use disorder treatment;Clinic;Family medicine or primary care;Federally qualified health center;Non-Profit, Social Service, or Community Based Organization",Anchorage (Municipality);Chugach Census Area;Kenai Peninsula Borough,2026-08-07 00:00:00
BP1-IA-237,Implementation,Norton Sound Health Corporation,2C Centralized Patient Navigation Project,"Norton Sound Health Corporation proposes to establish a centralized scheduling hub utilizing four cross-trained schedulers to integrate appointment systems across all fifteen remote village clinics, the Nome Family Medicine clinic, and the Norton Sound Regional Hospital. Equipped with population health dashboards, this model enables cross-facility booking and proactive clinical care gap closures during a single phone call, mitigating regional staffing shortages and reducing patient travel expenses.",Healthy Communities,292006,"Behavioral health/substance use disorder treatment;Clinic;Dental;Family medicine or primary care;Federally qualified health center;Hospital (all types);Maternal health;Non-Profit, Social Service, or Community Based Organization;Tribal Health Organization",Nome Census Area,2026-08-07 00:00:00
BP1-IA-325,Implementation,Sunshine Community Health Center,RN Care Management Billing Innovation & Outcome Analytics Infrastructure,"Sunshine Community Health Center proposes to build documentation and data analytics infrastructure to capture registered nurse care management services currently delivered but not tracked or reimbursed under Alaska Medicaid. This infrastructure will measure patient health outcomes attributable to those services, supporting a formal request to expand the clinic's reimbursable scope of services and demonstrating the value of nursing care for patients with chronic conditions in the northern Mat-Su Valley.",Pay for Value,222333,Clinic;Family medicine or primary care;Federally qualified health center;Home-and-community-based services provider,Matanuska-Susitna Borough,2026-08-07 00:00:00
BP1-PL-003,Planning,Alaska Hospital & Healthcare Association,Rural Health Clinic (RHC) Transformation & Financial Sustainability Project,"AHHA proposes Strategic, Financial, and Operational Assessments (SFOAs) for three independent Critical Access Hospitals—Petersburg Medical Center, Cordova Community Medical Center, and South Peninsula Hospital—plus implementation assistance for Rural Health Clinic (RHC) designation for those four facilities. The assessments will evaluate revenue cycle efficiency, Medicare cost report optimization, service line performance, and swing bed growth, with a median expectation of approximately $2.4M in identified improvement opportunity per hospital. The project targets financially fragile rural hospitals that serve as sole providers for their communities.",Pay for Value,249197,Association,Chugach Census Area;Juneau (City and Borough);Kenai Peninsula Borough;Petersburg Borough,2026-08-07 00:00:00
BP1-PL-004,Planning,Alaska Impact Alliance,Alaska 100% Communities: Community-Led Systems for Access to Care,"Alaska Impact Alliance proposes to implement the '100% Communities' model in three communities—Central Kenai Peninsula, Southern Kenai Peninsula, and Ketchikan—creating cross-sector action teams, shared referral pathways, and community navigator roles to address fragmented service access. The project will conduct a Community Access Assessment, map existing services into the 907 Navigation platform, and establish inter-agency coordination infrastructure designed to outlast the grant period. The model focuses on social determinants of health barriers—transportation, childcare, housing, and service navigation—that prevent rural residents from accessing available care.",Healthy Communities,176359,"Non-Profit, Social Service, or Community Based Organization",Anchorage (Municipality);Kenai Peninsula Borough;Ketchikan Gateway Borough,2026-08-07 00:00:00
BP1-PL-008,Planning,Assets Inc.,I/DD Remote Monitoring Feasibility Study,"Assets Inc. proposes a feasibility study to evaluate the potential for remote monitoring of individuals with intellectual and developmental disabilities (I/DD) in rural Alaska communities, assessing connectivity, equipment, staffing, and cost-effectiveness as an alternative to urban institutional care. The study will include community interviews in a selected pilot location to gauge user comfort, digital literacy, and training needs, alongside regulatory and vendor evaluation. Results will inform a follow-on pilot project and eventual expansion of telehealth-based in-home support for rural I/DD clients.",Spark Technology & Innovation,249653.52,"Non-Profit, Social Service, or Community Based Organization",Anchorage (Municipality),2026-08-07 00:00:00
BP1-PL-016,Planning,Girdwood Health Clinic Inc,Rural Pharmacy Innovation:  Expanding Medication Access Through Innovative Technologies,"Girdwood Health Clinic (dba Turnagain Community Health, an FQHC) proposes to stabilize and expand pharmacy access in the Turnagain Arm service area by transitioning the community's sole at-risk pharmacy into an FQHC-integrated telepharmacy model supported by the federal 340B Drug Pricing Program. The project will test technology-enabled dispensing solutions including automated kiosks, integrate clinical pharmacy services with primary care and behavioral health, and create a financially sustainable model designed for potential replication in other small rural Alaska communities. Without this intervention, residents of Girdwood, Hope, Whittier, Bird Creek, and Indian would face 40–90 mile trips to Anchorage for prescription medications.",Health Care Access,100000,"Behavioral health/substance use disorder treatment;Clinic;Family medicine or primary care;Federally qualified health center;Non-Profit, Social Service, or Community Based Organization",Anchorage (Municipality);Chugach Census Area;Kenai Peninsula Borough,2026-08-07 00:00:00
BP1-PL-019,Planning,Medical Park Family Care,Pay for Value - Alternative Payment Models,"Medical Park Family Care, an Anchorage-based family medicine clinic serving patients from over 60 Alaska communities, proposes to evaluate and implement an alternative payment model focused on rewarding primary care and preventive services—addressing a reimbursement environment where their largest payer has not increased rates in 10 years. The planning phase will analyze patient data to identify potential employer and insurer partners, followed by program design discussions; implementation is anticipated in the second year. The project aims to create a shared-savings APM model that reduces administrative burden, improves provider retention, and improves patient health outcomes.",Pay for Value,225436.6,Family medicine or primary care,Anchorage (Municipality),2026-08-07 00:00:00
BP1-PL-022,Planning,Nenana Volunteer Fire/EMS Department,Nenana Mobile Crisis Team,"The Nenana Volunteer Fire/EMS Department proposes a 6-month planning phase to design and operationalize a Mobile Crisis Team (MCT), given that behavioral health calls currently account for approximately 33% of all emergency responses in this community without a structured crisis response model or specialized training. Planning activities will develop operational policies, cross-agency coordination agreements with behavioral health providers and schools, workforce and training strategies, potential Medicaid billing pathways, and a phased implementation roadmap. The goal is a coordinated, treat-in-place crisis response model that reduces unnecessary emergency department use and out-of-community placements.",Health Care Access,50000,Emergency Medical Services,Denali Borough;Yukon-Koyukuk Census Area,2026-08-07 00:00:00
